name,kind,section,label,footnote,2021,2022,2023,2024,2025e,source_url,units_note,price_unit_note
Abrasives (manufactured),primary,Production,"Fused aluminum oxide, crude",,10000,20000,25000,25000,20000,https://pubs.usgs.gov/periodicals/mcs2026/mcs2026-abrasives.pdf,"(Fused aluminum oxide, silicon carbide, and metallic abrasives)","Price, average unit value of imports, dollars per metric ton"
Abrasives (manufactured),primary,Production,Silicon carbide,2,35000,40000,45000,40000,30000,https://pubs.usgs.gov/periodicals/mcs2026/mcs2026-abrasives.pdf,"(Fused aluminum oxide, silicon carbide, and metallic abrasives)","Price, average unit value of imports, dollars per metric ton"
Abrasives (manufactured),primary,Production,Metallic abrasives,,176000,180000,198000,193000,160000,https://pubs.usgs.gov/periodicals/mcs2026/mcs2026-abrasives.pdf,"(Fused aluminum oxide, silicon carbide, and metallic abrasives)","Price, average unit value of imports, dollars per metric ton"
Abrasives (manufactured),primary,Production,"Shipments, metallic abrasives",,193000,199000,227000,223000,180000,https://pubs.usgs.gov/periodicals/mcs2026/mcs2026-abrasives.pdf,"(Fused aluminum oxide, silicon carbide, and metallic abrasives)","Price, average unit value of imports, dollars per metric ton"
Abrasives (manufactured),primary,Imports for consumption,Fused aluminum oxide,,159000,225000,120000,161000,150000,https://pubs.usgs.gov/periodicals/mcs2026/mcs2026-abrasives.pdf,"(Fused aluminum oxide, silicon carbide, and metallic abrasives)","Price, average unit value of imports, dollars per metric ton"
Abrasives (manufactured),primary,Imports for consumption,Silicon carbide,,125000,165000,114000,113000,95000,https://pubs.usgs.gov/periodicals/mcs2026/mcs2026-abrasives.pdf,"(Fused aluminum oxide, silicon carbide, and metallic abrasives)","Price, average unit value of imports, dollars per metric ton"
Abrasives (manufactured),primary,Imports for consumption,Metallic abrasives,,26400,20100,17800,16900,16000,https://pubs.usgs.gov/periodicals/mcs2026/mcs2026-abrasives.pdf,"(Fused aluminum oxide, silicon carbide, and metallic abrasives)","Price, average unit value of imports, dollars per metric ton"
Abrasives (manufactured),primary,Exports,Fused aluminum oxide,,13500,14400,9570,9190,8000,https://pubs.usgs.gov/periodicals/mcs2026/mcs2026-abrasives.pdf,"(Fused aluminum oxide, silicon carbide, and metallic abrasives)","Price, average unit value of imports, dollars per metric ton"
Abrasives (manufactured),primary,Exports,Silicon carbide,,12000,12000,10100,9680,8600,https://pubs.usgs.gov/periodicals/mcs2026/mcs2026-abrasives.pdf,"(Fused aluminum oxide, silicon carbide, and metallic abrasives)","Price, average unit value of imports, dollars per metric ton"
Abrasives (manufactured),primary,Exports,Metallic abrasives,,20100,23900,24100,19300,18000,https://pubs.usgs.gov/periodicals/mcs2026/mcs2026-abrasives.pdf,"(Fused aluminum oxide, silicon carbide, and metallic abrasives)","Price, average unit value of imports, dollars per metric ton"
Abrasives (manufactured),primary,"Consumption, apparent",Fused aluminum oxide,3,146000,210000,110000,152000,140000,https://pubs.usgs.gov/periodicals/mcs2026/mcs2026-abrasives.pdf,"(Fused aluminum oxide, silicon carbide, and metallic abrasives)","Price, average unit value of imports, dollars per metric ton"
Abrasives (manufactured),primary,"Consumption, apparent",Silicon carbide,4,148000,193000,148000,143000,120000,https://pubs.usgs.gov/periodicals/mcs2026/mcs2026-abrasives.pdf,"(Fused aluminum oxide, silicon carbide, and metallic abrasives)","Price, average unit value of imports, dollars per metric ton"
Abrasives (manufactured),primary,"Consumption, apparent",Metallic abrasives,5,199000,195000,220000,220000,180000,https://pubs.usgs.gov/periodicals/mcs2026/mcs2026-abrasives.pdf,"(Fused aluminum oxide, silicon carbide, and metallic abrasives)","Price, average unit value of imports, dollars per metric ton"
Abrasives (manufactured),primary,"Price, average unit value of imports, dollars per metric ton","Fused aluminum oxide, crude",,674,797,655,635,699,https://pubs.usgs.gov/periodicals/mcs2026/mcs2026-abrasives.pdf,"(Fused aluminum oxide, silicon carbide, and metallic abrasives)","Price, average unit value of imports, dollars per metric ton"
Abrasives (manufactured),primary,"Price, average unit value of imports, dollars per metric ton","Fused aluminum oxide, ground and refined",,1290,1560,1380,1440,1500,https://pubs.usgs.gov/periodicals/mcs2026/mcs2026-abrasives.pdf,"(Fused aluminum oxide, silicon carbide, and metallic abrasives)","Price, average unit value of imports, dollars per metric ton"
Abrasives (manufactured),primary,"Price, average unit value of imports, dollars per metric ton","Silicon carbide, crude",,587,1080,905,832,829,https://pubs.usgs.gov/periodicals/mcs2026/mcs2026-abrasives.pdf,"(Fused aluminum oxide, silicon carbide, and metallic abrasives)","Price, average unit value of imports, dollars per metric ton"
Abrasives (manufactured),primary,"Price, average unit value of imports, dollars per metric ton",Metallic abrasives,,1510,2130,1850,1910,2000,https://pubs.usgs.gov/periodicals/mcs2026/mcs2026-abrasives.pdf,"(Fused aluminum oxide, silicon carbide, and metallic abrasives)","Price, average unit value of imports, dollars per metric ton"
Abrasives (manufactured),primary,Net import reliance as a percentage of apparent consumption,Fused aluminum oxide,,>95,>95,>95,>95,>95,https://pubs.usgs.gov/periodicals/mcs2026/mcs2026-abrasives.pdf,"(Fused aluminum oxide, silicon carbide, and metallic abrasives)","Price, average unit value of imports, dollars per metric ton"
Abrasives (manufactured),primary,Net import reliance as a percentage of apparent consumption,Silicon carbide,,76,79,70,72,74,https://pubs.usgs.gov/periodicals/mcs2026/mcs2026-abrasives.pdf,"(Fused aluminum oxide, silicon carbide, and metallic abrasives)","Price, average unit value of imports, dollars per metric ton"
Abrasives (manufactured),primary,Net import reliance as a percentage of apparent consumption,Metallic abrasives,,3,E,E,E,E,https://pubs.usgs.gov/periodicals/mcs2026/mcs2026-abrasives.pdf,"(Fused aluminum oxide, silicon carbide, and metallic abrasives)","Price, average unit value of imports, dollars per metric ton"
Aluminum,primary,Production,Primary,,889,861,750,676,660,https://pubs.usgs.gov/periodicals/mcs2026/mcs2026-aluminum.pdf,(Data in thousand metric tons unless otherwise specified),"Price, ingot, average U.S. market (spot), cents per pound"
Aluminum,primary,Production,Secondary (from old scrap),,1520,1480,1560,1560,1600,https://pubs.usgs.gov/periodicals/mcs2026/mcs2026-aluminum.pdf,(Data in thousand metric tons unless otherwise specified),"Price, ingot, average U.S. market (spot), cents per pound"
Aluminum,primary,Production,Secondary (from new scrap),,1780,1920,1870,2120,2000,https://pubs.usgs.gov/periodicals/mcs2026/mcs2026-aluminum.pdf,(Data in thousand metric tons unless otherwise specified),"Price, ingot, average U.S. market (spot), cents per pound"
Aluminum,primary,Imports for consumption,Crude and semi-fabricated products,,4940,5730,4900,4840,4400,https://pubs.usgs.gov/periodicals/mcs2026/mcs2026-aluminum.pdf,(Data in thousand metric tons unless otherwise specified),"Price, ingot, average U.S. market (spot), cents per pound"
Aluminum,primary,Imports for consumption,Scrap,,679,685,677,700,890,https://pubs.usgs.gov/periodicals/mcs2026/mcs2026-aluminum.pdf,(Data in thousand metric tons unless otherwise specified),"Price, ingot, average U.S. market (spot), cents per pound"
Aluminum,primary,Exports,Crude and semi-fabricated products,,900,1040,1240,1360,890,https://pubs.usgs.gov/periodicals/mcs2026/mcs2026-aluminum.pdf,(Data in thousand metric tons unless otherwise specified),"Price, ingot, average U.S. market (spot), cents per pound"
Aluminum,primary,Exports,Scrap,,1930,1720,1780,2100,2200,https://pubs.usgs.gov/periodicals/mcs2026/mcs2026-aluminum.pdf,(Data in thousand metric tons unless otherwise specified),"Price, ingot, average U.S. market (spot), cents per pound"
Aluminum,primary,"Consumption, apparent","Consumption, apparent",,6240,6910,6210,5830,5700,https://pubs.usgs.gov/periodicals/mcs2026/mcs2026-aluminum.pdf,(Data in thousand metric tons unless otherwise specified),"Price, ingot, average U.S. market (spot), cents per pound"
Aluminum,primary,"Consumption, apparent","Supply, apparent",,8020,8820,8070,7950,7700,https://pubs.usgs.gov/periodicals/mcs2026/mcs2026-aluminum.pdf,(Data in thousand metric tons unless otherwise specified),"Price, ingot, average U.S. market (spot), cents per pound"
Aluminum,primary,"Price, ingot, average U.S. market (spot), cents per pound","Price, ingot, average U.S. market (spot), cents per pound",5,138.5,152.6,125.9,129.5,180,https://pubs.usgs.gov/periodicals/mcs2026/mcs2026-aluminum.pdf,(Data in thousand metric tons unless otherwise specified),"Price, ingot, average U.S. market (spot), cents per pound"
Aluminum,primary,"Stocks, yearend",Aluminum industry,,1870,2050,1820,1690,1800,https://pubs.usgs.gov/periodicals/mcs2026/mcs2026-aluminum.pdf,(Data in thousand metric tons unless otherwise specified),"Price, ingot, average U.S. market (spot), cents per pound"
Aluminum,primary,"Stocks, yearend","London Metal Exchange (LME), U.S. warehouses",6,69,9,5,16,8,https://pubs.usgs.gov/periodicals/mcs2026/mcs2026-aluminum.pdf,(Data in thousand metric tons unless otherwise specified),"Price, ingot, average U.S. market (spot), cents per pound"
Aluminum,primary,"Employment, number","Employment, number",7,28900,30200,30500,29900,30000,https://pubs.usgs.gov/periodicals/mcs2026/mcs2026-aluminum.pdf,(Data in thousand metric tons unless otherwise specified),"Price, ingot, average U.S. market (spot), cents per pound"
Aluminum,primary,Net import reliance as a percentage of apparent consumption,Net import reliance as a percentage of apparent consumption,,61,66,63,62,60,https://pubs.usgs.gov/periodicals/mcs2026/mcs2026-aluminum.pdf,(Data in thousand metric tons unless otherwise specified),"Price, ingot, average U.S. market (spot), cents per pound"
Antimony,primary,Production,Mine (recoverable antimony),,0,0,0,0,W,https://pubs.usgs.gov/periodicals/mcs2026/mcs2026-antimony.pdf,"(Data in metric tons, antimony content, unless otherwise specified)","Price, metal, average, dollars per pound"
Antimony,primary,Production,Primary,,0,586,452,588,700,https://pubs.usgs.gov/periodicals/mcs2026/mcs2026-antimony.pdf,"(Data in metric tons, antimony content, unless otherwise specified)","Price, metal, average, dollars per pound"
Antimony,primary,Production,Secondary,,4050,4100,3490,3330,3500,https://pubs.usgs.gov/periodicals/mcs2026/mcs2026-antimony.pdf,"(Data in metric tons, antimony content, unless otherwise specified)","Price, metal, average, dollars per pound"
Antimony,primary,Imports for consumption,Ore and concentrates,,31,29,6,430,600,https://pubs.usgs.gov/periodicals/mcs2026/mcs2026-antimony.pdf,"(Data in metric tons, antimony content, unless otherwise specified)","Price, metal, average, dollars per pound"
Antimony,primary,Imports for consumption,Oxide,,19100,17000,14000,24000,39000,https://pubs.usgs.gov/periodicals/mcs2026/mcs2026-antimony.pdf,"(Data in metric tons, antimony content, unless otherwise specified)","Price, metal, average, dollars per pound"
Antimony,primary,Imports for consumption,"Unwrought, powder",,6970,6510,6060,4920,4500,https://pubs.usgs.gov/periodicals/mcs2026/mcs2026-antimony.pdf,"(Data in metric tons, antimony content, unless otherwise specified)","Price, metal, average, dollars per pound"
Antimony,primary,Imports for consumption,Antimony articles,1,514,1790,1620,323,350,https://pubs.usgs.gov/periodicals/mcs2026/mcs2026-antimony.pdf,"(Data in metric tons, antimony content, unless otherwise specified)","Price, metal, average, dollars per pound"
Antimony,primary,Imports for consumption,Waste and scrap,1,13,71,3,13,200,https://pubs.usgs.gov/periodicals/mcs2026/mcs2026-antimony.pdf,"(Data in metric tons, antimony content, unless otherwise specified)","Price, metal, average, dollars per pound"
Antimony,primary,Exports,Ore and concentrates,1,9,53,24,0,5,https://pubs.usgs.gov/periodicals/mcs2026/mcs2026-antimony.pdf,"(Data in metric tons, antimony content, unless otherwise specified)","Price, metal, average, dollars per pound"
Antimony,primary,Exports,Oxide,,1530,2430,1740,2690,2900,https://pubs.usgs.gov/periodicals/mcs2026/mcs2026-antimony.pdf,"(Data in metric tons, antimony content, unless otherwise specified)","Price, metal, average, dollars per pound"
Antimony,primary,Exports,"Unwrought, powder",,824,1230,1510,1570,240,https://pubs.usgs.gov/periodicals/mcs2026/mcs2026-antimony.pdf,"(Data in metric tons, antimony content, unless otherwise specified)","Price, metal, average, dollars per pound"
Antimony,primary,Exports,Antimony articles,1,97,585,433,125,130,https://pubs.usgs.gov/periodicals/mcs2026/mcs2026-antimony.pdf,"(Data in metric tons, antimony content, unless otherwise specified)","Price, metal, average, dollars per pound"
Antimony,primary,Exports,Waste and scrap,1,136,26,2,40,6,https://pubs.usgs.gov/periodicals/mcs2026/mcs2026-antimony.pdf,"(Data in metric tons, antimony content, unless otherwise specified)","Price, metal, average, dollars per pound"
Antimony,primary,"Consumption, apparent","Consumption, apparent",2,27800,24500,20700,28600,45000,https://pubs.usgs.gov/periodicals/mcs2026/mcs2026-antimony.pdf,"(Data in metric tons, antimony content, unless otherwise specified)","Price, metal, average, dollars per pound"
Antimony,primary,"Price, metal, average, dollars per pound","Price, metal, average, dollars per pound",3,5.31,6.18,5.49,10.24,25,https://pubs.usgs.gov/periodicals/mcs2026/mcs2026-antimony.pdf,"(Data in metric tons, antimony content, unless otherwise specified)","Price, metal, average, dollars per pound"
Antimony,primary,Net import reliance as a percentage of apparent consumption,Net import reliance as a percentage of apparent consumption,,85,81,81,86,91,https://pubs.usgs.gov/periodicals/mcs2026/mcs2026-antimony.pdf,"(Data in metric tons, antimony content, unless otherwise specified)","Price, metal, average, dollars per pound"
Bismuth,primary,Production,Refinery,,0,0,0,0,0,https://pubs.usgs.gov/periodicals/mcs2026/mcs2026-bismuth.pdf,(Data in metric tons unless otherwise specified),"Price, average, dollars per pound"
Bismuth,primary,Production,Secondary (scrap),,80,80,80,80,80,https://pubs.usgs.gov/periodicals/mcs2026/mcs2026-bismuth.pdf,(Data in metric tons unless otherwise specified),"Price, average, dollars per pound"
Bismuth,primary,"Imports for consumption, metal, alloys, and scrap","Containing more than 99.99% bismuth, by weight",,NA,740,731,626,650,https://pubs.usgs.gov/periodicals/mcs2026/mcs2026-bismuth.pdf,(Data in metric tons unless otherwise specified),"Price, average, dollars per pound"
Bismuth,primary,"Imports for consumption, metal, alloys, and scrap",Other,,NA,2340,1110,1180,820,https://pubs.usgs.gov/periodicals/mcs2026/mcs2026-bismuth.pdf,(Data in metric tons unless otherwise specified),"Price, average, dollars per pound"
Bismuth,primary,"Imports for consumption, metal, alloys, and scrap",Total,1,1980,3080,1840,1800,1500,https://pubs.usgs.gov/periodicals/mcs2026/mcs2026-bismuth.pdf,(Data in metric tons unless otherwise specified),"Price, average, dollars per pound"
Bismuth,primary,"Exports, metal, alloys, and scrap","Containing more than 99.99% bismuth, by weight",,NA,144,131,430,180,https://pubs.usgs.gov/periodicals/mcs2026/mcs2026-bismuth.pdf,(Data in metric tons unless otherwise specified),"Price, average, dollars per pound"
Bismuth,primary,"Exports, metal, alloys, and scrap",Other,,NA,360,329,620,360,https://pubs.usgs.gov/periodicals/mcs2026/mcs2026-bismuth.pdf,(Data in metric tons unless otherwise specified),"Price, average, dollars per pound"
Bismuth,primary,"Exports, metal, alloys, and scrap",Total,2,1010,503,460,1050,540,https://pubs.usgs.gov/periodicals/mcs2026/mcs2026-bismuth.pdf,(Data in metric tons unless otherwise specified),"Price, average, dollars per pound"
Bismuth,primary,Consumption,Apparent,3,1030,2600,1450,830,1000,https://pubs.usgs.gov/periodicals/mcs2026/mcs2026-bismuth.pdf,(Data in metric tons unless otherwise specified),"Price, average, dollars per pound"
Bismuth,primary,Consumption,Reported,,597,724,691,700,NA,https://pubs.usgs.gov/periodicals/mcs2026/mcs2026-bismuth.pdf,(Data in metric tons unless otherwise specified),"Price, average, dollars per pound"
Bismuth,primary,"Price, average, dollars per pound","Price, average, dollars per pound",,3.74,3.9,4.08,5.4,20,https://pubs.usgs.gov/periodicals/mcs2026/mcs2026-bismuth.pdf,(Data in metric tons unless otherwise specified),"Price, average, dollars per pound"
Bismuth,primary,"Stocks, yearend, consumer, bismuth metal","Stocks, yearend, consumer, bismuth metal",,297,356,365,365,360,https://pubs.usgs.gov/periodicals/mcs2026/mcs2026-bismuth.pdf,(Data in metric tons unless otherwise specified),"Price, average, dollars per pound"
Bismuth,primary,Net import reliance as a percentage of apparent consumption,Net import reliance as a percentage of apparent consumption,,92,97,94,90,92,https://pubs.usgs.gov/periodicals/mcs2026/mcs2026-bismuth.pdf,(Data in metric tons unless otherwise specified),"Price, average, dollars per pound"
Chromium,primary,Production,Mine,,0,0,0,0,0,https://pubs.usgs.gov/periodicals/mcs2026/mcs2026-chromium.pdf,"(Data in thousand metric tons, chromium content, unless otherwise specified)",Price
Chromium,primary,Production,Secondary,1,147,138,126,103,100,https://pubs.usgs.gov/periodicals/mcs2026/mcs2026-chromium.pdf,"(Data in thousand metric tons, chromium content, unless otherwise specified)",Price
Chromium,primary,Imports for consumption,Imports for consumption,2,571,610,451,492,520,https://pubs.usgs.gov/periodicals/mcs2026/mcs2026-chromium.pdf,"(Data in thousand metric tons, chromium content, unless otherwise specified)",Price
Chromium,primary,Exports,Exports,2,114,162,178,148,140,https://pubs.usgs.gov/periodicals/mcs2026/mcs2026-chromium.pdf,"(Data in thousand metric tons, chromium content, unless otherwise specified)",Price
Chromium,primary,Shipments from Government stockpile,Shipments from Government stockpile,3,7,5,NA,NA,NA,https://pubs.usgs.gov/periodicals/mcs2026/mcs2026-chromium.pdf,"(Data in thousand metric tons, chromium content, unless otherwise specified)",Price
Chromium,primary,Consumption (includes recycling),Reported,,389,328,365,360,360,https://pubs.usgs.gov/periodicals/mcs2026/mcs2026-chromium.pdf,"(Data in thousand metric tons, chromium content, unless otherwise specified)",Price
Chromium,primary,Consumption (includes recycling),Apparent,4,612,591,399,442,480,https://pubs.usgs.gov/periodicals/mcs2026/mcs2026-chromium.pdf,"(Data in thousand metric tons, chromium content, unless otherwise specified)",Price
Chromium,primary,Price,"Chromite ore (gross weight), dollars per metric ton",,199,277,321,331,290,https://pubs.usgs.gov/periodicals/mcs2026/mcs2026-chromium.pdf,"(Data in thousand metric tons, chromium content, unless otherwise specified)",Price
Chromium,primary,Price,"Ferrochromium (chromium content), dollars per pound",6,1.5,3.19,2.55,1.76,1.6,https://pubs.usgs.gov/periodicals/mcs2026/mcs2026-chromium.pdf,"(Data in thousand metric tons, chromium content, unless otherwise specified)",Price
Chromium,primary,Price,"Chromium metal (gross weight), dollars per pound",,4.23,7.2,5.05,5.3,5.9,https://pubs.usgs.gov/periodicals/mcs2026/mcs2026-chromium.pdf,"(Data in thousand metric tons, chromium content, unless otherwise specified)",Price
Chromium,primary,"Stocks, consumer, yearend","Stocks, consumer, yearend",,6,5,5,5,5,https://pubs.usgs.gov/periodicals/mcs2026/mcs2026-chromium.pdf,"(Data in thousand metric tons, chromium content, unless otherwise specified)",Price
Chromium,primary,Net import reliance as a percentage of apparent consumption,Net import reliance as a percentage of apparent consumption,,76,77,68,77,79,https://pubs.usgs.gov/periodicals/mcs2026/mcs2026-chromium.pdf,"(Data in thousand metric tons, chromium content, unless otherwise specified)",Price
Cobalt,primary,Production,Mine,,650,500,500,200,300,https://pubs.usgs.gov/periodicals/mcs2026/mcs2026-cobalt.pdf,"(Data in metric tons, cobalt content, unless otherwise specified)","Price, average, dollars per pound"
Cobalt,primary,Production,Secondary,1,1800,1920,2030,2050,2000,https://pubs.usgs.gov/periodicals/mcs2026/mcs2026-cobalt.pdf,"(Data in metric tons, cobalt content, unless otherwise specified)","Price, average, dollars per pound"
Cobalt,primary,Imports for consumption,Imports for consumption,,9790,10500,9500,10800,14000,https://pubs.usgs.gov/periodicals/mcs2026/mcs2026-cobalt.pdf,"(Data in metric tons, cobalt content, unless otherwise specified)","Price, average, dollars per pound"
Cobalt,primary,Exports,Exports,,4930,5360,5110,4880,4500,https://pubs.usgs.gov/periodicals/mcs2026/mcs2026-cobalt.pdf,"(Data in metric tons, cobalt content, unless otherwise specified)","Price, average, dollars per pound"
Cobalt,primary,Consumption (includes secondary),Estimated,2,7270,7570,7840,7830,8000,https://pubs.usgs.gov/periodicals/mcs2026/mcs2026-cobalt.pdf,"(Data in metric tons, cobalt content, unless otherwise specified)","Price, average, dollars per pound"
Cobalt,primary,Consumption (includes secondary),Apparent,,6650,7150,6440,7960,9600,https://pubs.usgs.gov/periodicals/mcs2026/mcs2026-cobalt.pdf,"(Data in metric tons, cobalt content, unless otherwise specified)","Price, average, dollars per pound"
Cobalt,primary,"Price, average, dollars per pound","U.S. spot, cathode",4,24.21,30.78,17.2,16.77,21,https://pubs.usgs.gov/periodicals/mcs2026/mcs2026-cobalt.pdf,"(Data in metric tons, cobalt content, unless otherwise specified)","Price, average, dollars per pound"
Cobalt,primary,"Price, average, dollars per pound","London Metal Exchange (LME), cash",,23.17,28.83,15.48,11.84,15,https://pubs.usgs.gov/periodicals/mcs2026/mcs2026-cobalt.pdf,"(Data in metric tons, cobalt content, unless otherwise specified)","Price, average, dollars per pound"
Cobalt,primary,"Stocks, yearend",Industry,,1010,946,925,956,1500,https://pubs.usgs.gov/periodicals/mcs2026/mcs2026-cobalt.pdf,"(Data in metric tons, cobalt content, unless otherwise specified)","Price, average, dollars per pound"
Cobalt,primary,"Stocks, yearend","LME, U.S. warehouse",,50,34,34,34,34,https://pubs.usgs.gov/periodicals/mcs2026/mcs2026-cobalt.pdf,"(Data in metric tons, cobalt content, unless otherwise specified)","Price, average, dollars per pound"
Cobalt,primary,Net import reliance as a percentage of apparent consumption,Net import reliance as a percentage of apparent consumption,,73,73,69,74,79,https://pubs.usgs.gov/periodicals/mcs2026/mcs2026-cobalt.pdf,"(Data in metric tons, cobalt content, unless otherwise specified)","Price, average, dollars per pound"
Copper,primary,Production,"Mine, recoverable",,1230,1230,1130,1050,1000,https://pubs.usgs.gov/periodicals/mcs2026/mcs2026-copper.pdf,"(Data in thousand metric tons, copper content, unless otherwise specified)","Price, annual average, cents per pound"
Copper,primary,Production,Primary (from ore),,931,917,843,882,790,https://pubs.usgs.gov/periodicals/mcs2026/mcs2026-copper.pdf,"(Data in thousand metric tons, copper content, unless otherwise specified)","Price, annual average, cents per pound"
Copper,primary,Production,Secondary (from scrap),,49,40,39,39,60,https://pubs.usgs.gov/periodicals/mcs2026/mcs2026-copper.pdf,"(Data in thousand metric tons, copper content, unless otherwise specified)","Price, annual average, cents per pound"
Copper,primary,Production,Copper recovered from old (post-consumer) scrap,1,169,152,137,140,160,https://pubs.usgs.gov/periodicals/mcs2026/mcs2026-copper.pdf,"(Data in thousand metric tons, copper content, unless otherwise specified)","Price, annual average, cents per pound"
Copper,primary,Imports for consumption,() Refined,,919,732,771,903,1700,https://pubs.usgs.gov/periodicals/mcs2026/mcs2026-copper.pdf,"(Data in thousand metric tons, copper content, unless otherwise specified)","Price, annual average, cents per pound"
Copper,primary,Exports,Ore and concentrate,,344,351,339,326,340,https://pubs.usgs.gov/periodicals/mcs2026/mcs2026-copper.pdf,"(Data in thousand metric tons, copper content, unless otherwise specified)","Price, annual average, cents per pound"
Copper,primary,Exports,Refined,,48,27,29,72,110,https://pubs.usgs.gov/periodicals/mcs2026/mcs2026-copper.pdf,"(Data in thousand metric tons, copper content, unless otherwise specified)","Price, annual average, cents per pound"
Copper,primary,Consumption,"Reported, refined copper",,1750,1720,1580,1580,1700,https://pubs.usgs.gov/periodicals/mcs2026/mcs2026-copper.pdf,"(Data in thousand metric tons, copper content, unless otherwise specified)","Price, annual average, cents per pound"
Copper,primary,Consumption,"Apparent, primary refined copper and copper from old scrap",3,1970,1810,1680,1860,2200,https://pubs.usgs.gov/periodicals/mcs2026/mcs2026-copper.pdf,"(Data in thousand metric tons, copper content, unless otherwise specified)","Price, annual average, cents per pound"
Copper,primary,"Price, annual average, cents per pound","U.S. producer, cathode (COMEX + premium)",,432.3,410.8,395.3,431.8,490,https://pubs.usgs.gov/periodicals/mcs2026/mcs2026-copper.pdf,"(Data in thousand metric tons, copper content, unless otherwise specified)","Price, annual average, cents per pound"
Copper,primary,"Price, annual average, cents per pound","COMEX, high-grade, first position",,424.3,400.7,385.7,421.6,480,https://pubs.usgs.gov/periodicals/mcs2026/mcs2026-copper.pdf,"(Data in thousand metric tons, copper content, unless otherwise specified)","Price, annual average, cents per pound"
Copper,primary,"Price, annual average, cents per pound","London Metal Exchange, grade A, cash",,422.5,399.8,384.8,414.7,440,https://pubs.usgs.gov/periodicals/mcs2026/mcs2026-copper.pdf,"(Data in thousand metric tons, copper content, unless otherwise specified)","Price, annual average, cents per pound"
Copper,primary,"Stocks, refined, held by U.S. producers, consumers, and metal exchanges, yearend","Stocks, refined, held by U.S. producers, consumers, and metal exchanges, yearend",,117,84,128,123,450,https://pubs.usgs.gov/periodicals/mcs2026/mcs2026-copper.pdf,"(Data in thousand metric tons, copper content, unless otherwise specified)","Price, annual average, cents per pound"
Copper,primary,"Employment, mine and plant, number","Employment, mine and plant, number",,11400,12000,12600,13000,13000,https://pubs.usgs.gov/periodicals/mcs2026/mcs2026-copper.pdf,"(Data in thousand metric tons, copper content, unless otherwise specified)","Price, annual average, cents per pound"
Copper,primary,Net import reliance as a percentage of apparent consumption,Net import reliance as a percentage of apparent consumption,,44,41,42,45,57,https://pubs.usgs.gov/periodicals/mcs2026/mcs2026-copper.pdf,"(Data in thousand metric tons, copper content, unless otherwise specified)","Price, annual average, cents per pound"
Diamond (industrial),primary,Production,Manufactured diamond,,132,150,152,159,160,https://pubs.usgs.gov/periodicals/mcs2026/mcs2026-diamond.pdf,(Data in million carats unless otherwise specified),"Price, unit value of imports, dollars per carat"
Diamond (industrial),primary,Production,Secondary,,1.2,14.4,14,14.9,15,https://pubs.usgs.gov/periodicals/mcs2026/mcs2026-diamond.pdf,(Data in million carats unless otherwise specified),"Price, unit value of imports, dollars per carat"
Diamond (industrial),primary,Imports for consumption,Imports for consumption,,261,303,264,238,170,https://pubs.usgs.gov/periodicals/mcs2026/mcs2026-diamond.pdf,(Data in million carats unless otherwise specified),"Price, unit value of imports, dollars per carat"
Diamond (industrial),primary,Exports,Exports,,99.1,94,74,73.3,72,https://pubs.usgs.gov/periodicals/mcs2026/mcs2026-diamond.pdf,(Data in million carats unless otherwise specified),"Price, unit value of imports, dollars per carat"
Diamond (industrial),primary,"Consumption, apparent","Consumption, apparent",2,294,374,356,334,270,https://pubs.usgs.gov/periodicals/mcs2026/mcs2026-diamond.pdf,(Data in million carats unless otherwise specified),"Price, unit value of imports, dollars per carat"
Diamond (industrial),primary,"Price, unit value of imports, dollars per carat","Price, unit value of imports, dollars per carat",,0.18,0.19,0.16,0.19,0.21,https://pubs.usgs.gov/periodicals/mcs2026/mcs2026-diamond.pdf,(Data in million carats unless otherwise specified),"Price, unit value of imports, dollars per carat"
Diamond (industrial),primary,Net import reliance as a percentage of apparent consumption,Net import reliance as a percentage of apparent consumption,,55,56,53,49,35,https://pubs.usgs.gov/periodicals/mcs2026/mcs2026-diamond.pdf,(Data in million carats unless otherwise specified),"Price, unit value of imports, dollars per carat"
Diamond (industrial),primary,Production,Manufactured diamond,,0,0,0,0,0,https://pubs.usgs.gov/periodicals/mcs2026/mcs2026-diamond.pdf,(Data in million carats unless otherwise specified),"Price, unit value of imports, dollars per carat"
Diamond (industrial),primary,Production,Secondary,,0.08,0.08,0.08,0.08,0.08,https://pubs.usgs.gov/periodicals/mcs2026/mcs2026-diamond.pdf,(Data in million carats unless otherwise specified),"Price, unit value of imports, dollars per carat"
Diamond (industrial),primary,Imports for consumption,Imports for consumption,,0.33,0.79,0.38,0.39,0.35,https://pubs.usgs.gov/periodicals/mcs2026/mcs2026-diamond.pdf,(Data in million carats unless otherwise specified),"Price, unit value of imports, dollars per carat"
Diamond (industrial),primary,Exports,"() Consumption, apparent",2,0.41,0.86,0.45,0.46,0.43,https://pubs.usgs.gov/periodicals/mcs2026/mcs2026-diamond.pdf,(Data in million carats unless otherwise specified),"Price, unit value of imports, dollars per carat"
Diamond (industrial),primary,"Price, unit value of imports, dollars per carat","Price, unit value of imports, dollars per carat",,13,8.4,14.2,11.3,6.7,https://pubs.usgs.gov/periodicals/mcs2026/mcs2026-diamond.pdf,(Data in million carats unless otherwise specified),"Price, unit value of imports, dollars per carat"
Diamond (industrial),primary,Net import reliance as a percentage of apparent consumption,Net import reliance as a percentage of apparent consumption,,80,91,83,84,81,https://pubs.usgs.gov/periodicals/mcs2026/mcs2026-diamond.pdf,(Data in million carats unless otherwise specified),"Price, unit value of imports, dollars per carat"
Gallium,primary,"Production, primary","Production, primary",,0,0,0,0,0,https://pubs.usgs.gov/periodicals/mcs2026/mcs2026-gallium.pdf,"(Data in kilograms, gallium content, unless otherwise specified)","Price, average unit value of imports, dollars per kilogram"
Gallium,primary,Imports for consumption,Metal,,8890,11400,11400,11000,25000,https://pubs.usgs.gov/periodicals/mcs2026/mcs2026-gallium.pdf,"(Data in kilograms, gallium content, unless otherwise specified)","Price, average unit value of imports, dollars per kilogram"
Gallium,primary,Imports for consumption,Gallium arsenide wafers (gross weight),,306000,424000,163000,152000,110000,https://pubs.usgs.gov/periodicals/mcs2026/mcs2026-gallium.pdf,"(Data in kilograms, gallium content, unless otherwise specified)","Price, average unit value of imports, dollars per kilogram"
Gallium,primary,Exports,Exports,,NA,NA,NA,NA,NA,https://pubs.usgs.gov/periodicals/mcs2026/mcs2026-gallium.pdf,"(Data in kilograms, gallium content, unless otherwise specified)","Price, average unit value of imports, dollars per kilogram"
Gallium,primary,"Consumption, reported","Consumption, reported",1,17100,19700,17800,18700,19000,https://pubs.usgs.gov/periodicals/mcs2026/mcs2026-gallium.pdf,"(Data in kilograms, gallium content, unless otherwise specified)","Price, average unit value of imports, dollars per kilogram"
Gallium,primary,"Price, average unit value of imports, dollars per kilogram","Price, average unit value of imports, dollars per kilogram",2,277,432,365,439,580,https://pubs.usgs.gov/periodicals/mcs2026/mcs2026-gallium.pdf,"(Data in kilograms, gallium content, unless otherwise specified)","Price, average unit value of imports, dollars per kilogram"
Gallium,primary,"Stocks, consumer, yearend","Stocks, consumer, yearend",1,2810,2780,3340,3410,3400,https://pubs.usgs.gov/periodicals/mcs2026/mcs2026-gallium.pdf,"(Data in kilograms, gallium content, unless otherwise specified)","Price, average unit value of imports, dollars per kilogram"
Gallium,primary,Net import reliance as a percentage of reported consumption,Net import reliance as a percentage of reported consumption,,100,100,100,100,100,https://pubs.usgs.gov/periodicals/mcs2026/mcs2026-gallium.pdf,"(Data in kilograms, gallium content, unless otherwise specified)","Price, average unit value of imports, dollars per kilogram"
Germanium,primary,"Production, refinery",Primary,,0,0,0,0,0,https://pubs.usgs.gov/periodicals/mcs2026/mcs2026-germanium.pdf,"(Data in kilograms, germanium content, unless otherwise specified)","Price, annual average, dollars per kilogram"
Germanium,primary,"Production, refinery",Secondary,,NA,NA,NA,NA,NA,https://pubs.usgs.gov/periodicals/mcs2026/mcs2026-germanium.pdf,"(Data in kilograms, germanium content, unless otherwise specified)","Price, annual average, dollars per kilogram"
Germanium,primary,Imports for consumption,Germanium metal,,13000,14000,22000,21000,7000,https://pubs.usgs.gov/periodicals/mcs2026/mcs2026-germanium.pdf,"(Data in kilograms, germanium content, unless otherwise specified)","Price, annual average, dollars per kilogram"
Germanium,primary,Imports for consumption,Germanium dioxide,,17000,15000,14000,11000,17000,https://pubs.usgs.gov/periodicals/mcs2026/mcs2026-germanium.pdf,"(Data in kilograms, germanium content, unless otherwise specified)","Price, annual average, dollars per kilogram"
Germanium,primary,Imports for consumption,Germanium tetrachloride,,NA,NA,NA,NA,NA,https://pubs.usgs.gov/periodicals/mcs2026/mcs2026-germanium.pdf,"(Data in kilograms, germanium content, unless otherwise specified)","Price, annual average, dollars per kilogram"
Germanium,primary,Exports,Germanium metal,,5500,6600,6000,9000,7000,https://pubs.usgs.gov/periodicals/mcs2026/mcs2026-germanium.pdf,"(Data in kilograms, germanium content, unless otherwise specified)","Price, annual average, dollars per kilogram"
Germanium,primary,Exports,Germanium dioxide,,430,130,110,92,15,https://pubs.usgs.gov/periodicals/mcs2026/mcs2026-germanium.pdf,"(Data in kilograms, germanium content, unless otherwise specified)","Price, annual average, dollars per kilogram"
Germanium,primary,Exports,Germanium tetrachloride,,NA,NA,NA,NA,NA,https://pubs.usgs.gov/periodicals/mcs2026/mcs2026-germanium.pdf,"(Data in kilograms, germanium content, unless otherwise specified)","Price, annual average, dollars per kilogram"
Germanium,primary,Shipments from Government stockpile,Shipments from Government stockpile,2,0,0,NA,NA,NA,https://pubs.usgs.gov/periodicals/mcs2026/mcs2026-germanium.pdf,"(Data in kilograms, germanium content, unless otherwise specified)","Price, annual average, dollars per kilogram"
Germanium,primary,"Consumption, estimated","Consumption, estimated",3,30000,NA,NA,NA,NA,https://pubs.usgs.gov/periodicals/mcs2026/mcs2026-germanium.pdf,"(Data in kilograms, germanium content, unless otherwise specified)","Price, annual average, dollars per kilogram"
Germanium,primary,"Price, annual average, dollars per kilogram",Germanium metal,,1187,1294,1392,1991,4100,https://pubs.usgs.gov/periodicals/mcs2026/mcs2026-germanium.pdf,"(Data in kilograms, germanium content, unless otherwise specified)","Price, annual average, dollars per kilogram"
Germanium,primary,"Price, annual average, dollars per kilogram",Germanium dioxide,,770,828,883,1281,2500,https://pubs.usgs.gov/periodicals/mcs2026/mcs2026-germanium.pdf,"(Data in kilograms, germanium content, unless otherwise specified)","Price, annual average, dollars per kilogram"
Germanium,primary,Net import reliance as a percentage of estimated consumption,Net import reliance as a percentage of estimated consumption,,>50,>50,>50,>50,>50,https://pubs.usgs.gov/periodicals/mcs2026/mcs2026-germanium.pdf,"(Data in kilograms, germanium content, unless otherwise specified)","Price, annual average, dollars per kilogram"
Graphite (natural),primary,"Production, mine","Production, mine",,0,0,0,0,0,https://pubs.usgs.gov/periodicals/mcs2026/mcs2026-graphite.pdf,(Data in metric tons unless otherwise specified),"Price, average unit value of imports, dollars per metric ton at"
Graphite (natural),primary,Imports for consumption,Imports for consumption,,53000,89200,73500,73900,79000,https://pubs.usgs.gov/periodicals/mcs2026/mcs2026-graphite.pdf,(Data in metric tons unless otherwise specified),"Price, average unit value of imports, dollars per metric ton at"
Graphite (natural),primary,Exports,Exports,,8660,9500,7780,8740,8400,https://pubs.usgs.gov/periodicals/mcs2026/mcs2026-graphite.pdf,(Data in metric tons unless otherwise specified),"Price, average unit value of imports, dollars per metric ton at"
Graphite (natural),primary,"Consumption, apparent","Consumption, apparent",1,44300,79700,65700,65200,71000,https://pubs.usgs.gov/periodicals/mcs2026/mcs2026-graphite.pdf,(Data in metric tons unless otherwise specified),"Price, average unit value of imports, dollars per metric ton at"
Graphite (natural),primary,"Price, average unit value of imports, dollars per metric ton at",Flake,,1330,1200,1080,1050,1000,https://pubs.usgs.gov/periodicals/mcs2026/mcs2026-graphite.pdf,(Data in metric tons unless otherwise specified),"Price, average unit value of imports, dollars per metric ton at"
Graphite (natural),primary,"Price, average unit value of imports, dollars per metric ton at",Lump and chip (Sri Lanka),,2010,2590,2380,2810,2600,https://pubs.usgs.gov/periodicals/mcs2026/mcs2026-graphite.pdf,(Data in metric tons unless otherwise specified),"Price, average unit value of imports, dollars per metric ton at"
Graphite (natural),primary,"Price, average unit value of imports, dollars per metric ton at",Amorphous,,629,563,607,535,470,https://pubs.usgs.gov/periodicals/mcs2026/mcs2026-graphite.pdf,(Data in metric tons unless otherwise specified),"Price, average unit value of imports, dollars per metric ton at"
Graphite (natural),primary,Net import reliance as a percentage of apparent consumption,Net import reliance as a percentage of apparent consumption,,100,100,100,100,100,https://pubs.usgs.gov/periodicals/mcs2026/mcs2026-graphite.pdf,(Data in metric tons unless otherwise specified),"Price, average unit value of imports, dollars per metric ton at"
Indium,primary,"Production, refinery","Production, refinery",,0,0,0,0,0,https://pubs.usgs.gov/periodicals/mcs2026/mcs2026-indium.pdf,(Data in metric tons unless otherwise specified),"Price, annual average, dollars per kilogram"
Indium,primary,Imports for consumption,Imports for consumption,,158,202,219,220,220,https://pubs.usgs.gov/periodicals/mcs2026/mcs2026-indium.pdf,(Data in metric tons unless otherwise specified),"Price, annual average, dollars per kilogram"
Indium,primary,Exports,Exports,,NA,NA,NA,NA,NA,https://pubs.usgs.gov/periodicals/mcs2026/mcs2026-indium.pdf,(Data in metric tons unless otherwise specified),"Price, annual average, dollars per kilogram"
Indium,primary,"Consumption, estimated","Consumption, estimated",2,158,202,219,220,220,https://pubs.usgs.gov/periodicals/mcs2026/mcs2026-indium.pdf,(Data in metric tons unless otherwise specified),"Price, annual average, dollars per kilogram"
Indium,primary,"Price, annual average, dollars per kilogram","U.S. warehouse, free on board",3,223,250,244,351,370,https://pubs.usgs.gov/periodicals/mcs2026/mcs2026-indium.pdf,(Data in metric tons unless otherwise specified),"Price, annual average, dollars per kilogram"
Indium,primary,"Price, annual average, dollars per kilogram","Rotterdam, duties unpaid",4,217,252,249,311,380,https://pubs.usgs.gov/periodicals/mcs2026/mcs2026-indium.pdf,(Data in metric tons unless otherwise specified),"Price, annual average, dollars per kilogram"
Indium,primary,Net import reliance as a percentage of estimated consumption,Net import reliance as a percentage of estimated consumption,,100,100,100,100,100,https://pubs.usgs.gov/periodicals/mcs2026/mcs2026-indium.pdf,(Data in metric tons unless otherwise specified),"Price, annual average, dollars per kilogram"
Iron and Steel,primary,,Pig iron production,,22.2,20,22.5,20.6,21,https://pubs.usgs.gov/periodicals/mcs2026/mcs2026-iron-steel.pdf,"(Data in million metric tons, metal, unless otherwise specified)",
Iron and Steel,primary,,Raw steel production,,85.8,80.5,81.4,79.5,82,https://pubs.usgs.gov/periodicals/mcs2026/mcs2026-iron-steel.pdf,"(Data in million metric tons, metal, unless otherwise specified)",
Iron and Steel,primary,,"Continuously cast steel, percent",,99.8,99.7,99.7,99.7,99.7,https://pubs.usgs.gov/periodicals/mcs2026/mcs2026-iron-steel.pdf,"(Data in million metric tons, metal, unless otherwise specified)",
Iron and Steel,primary,,"Shipments, steel mill products",,85.9,81.2,81,78.7,82,https://pubs.usgs.gov/periodicals/mcs2026/mcs2026-iron-steel.pdf,"(Data in million metric tons, metal, unless otherwise specified)",
Iron and Steel,primary,"Imports, steel mill products",Finished,,20.6,22.9,19.7,20.4,19,https://pubs.usgs.gov/periodicals/mcs2026/mcs2026-iron-steel.pdf,"(Data in million metric tons, metal, unless otherwise specified)",
Iron and Steel,primary,"Imports, steel mill products",Semifinished,,7.9,5.1,5.9,5.8,5,https://pubs.usgs.gov/periodicals/mcs2026/mcs2026-iron-steel.pdf,"(Data in million metric tons, metal, unless otherwise specified)",
Iron and Steel,primary,"Imports, steel mill products",Total,,28.5,28,25.6,26.2,24,https://pubs.usgs.gov/periodicals/mcs2026/mcs2026-iron-steel.pdf,"(Data in million metric tons, metal, unless otherwise specified)",
Iron and Steel,primary,"Exports, steel mill products",Finished,,7.4,7.5,7.9,7.9,6,https://pubs.usgs.gov/periodicals/mcs2026/mcs2026-iron-steel.pdf,"(Data in million metric tons, metal, unless otherwise specified)",
Iron and Steel,primary,"Exports, steel mill products",Semifinished,,0.1,0.1,0.3,0.1,0.1,https://pubs.usgs.gov/periodicals/mcs2026/mcs2026-iron-steel.pdf,"(Data in million metric tons, metal, unless otherwise specified)",
Iron and Steel,primary,"Exports, steel mill products",Total,,7.5,7.6,8.2,8,7,https://pubs.usgs.gov/periodicals/mcs2026/mcs2026-iron-steel.pdf,"(Data in million metric tons, metal, unless otherwise specified)",
Iron and Steel,primary,"Stocks, service centers, yearend","Stocks, service centers, yearend",2,7,6.7,6.5,6.5,6.7,https://pubs.usgs.gov/periodicals/mcs2026/mcs2026-iron-steel.pdf,"(Data in million metric tons, metal, unless otherwise specified)",
Iron and Steel,primary,"Consumption, apparent (steel mill products)","Consumption, apparent (steel mill products)",3,100,96.2,92.4,91.1,95,https://pubs.usgs.gov/periodicals/mcs2026/mcs2026-iron-steel.pdf,"(Data in million metric tons, metal, unless otherwise specified)",
Iron and Steel,primary,"Consumption, apparent (steel mill products)","Producer price index, steel mill products (1982=100)",4,351,382,320,291,290,https://pubs.usgs.gov/periodicals/mcs2026/mcs2026-iron-steel.pdf,"(Data in million metric tons, metal, unless otherwise specified)",
Iron and Steel,primary,"Employment, average, number",Iron and steel mills,4,78300,80800,84000,84900,86000,https://pubs.usgs.gov/periodicals/mcs2026/mcs2026-iron-steel.pdf,"(Data in million metric tons, metal, unless otherwise specified)",
Iron and Steel,primary,"Employment, average, number",Steel product manufacturing,4,52700,55400,58500,59600,61000,https://pubs.usgs.gov/periodicals/mcs2026/mcs2026-iron-steel.pdf,"(Data in million metric tons, metal, unless otherwise specified)",
Iron and Steel,primary,Net import reliance as a percentage of apparent consumption,Net import reliance as a percentage of apparent consumption,,14,16,12,14,13,https://pubs.usgs.gov/periodicals/mcs2026/mcs2026-iron-steel.pdf,"(Data in million metric tons, metal, unless otherwise specified)",
Lithium,primary,Production,Production,,W,W,W,W,W,https://pubs.usgs.gov/periodicals/mcs2026/mcs2026-lithium.pdf,"(Data in metric tons, lithium content, unless otherwise specified)","Price, annual average-real, battery-grade lithium carbonate, dollars per metric ton"
Lithium,primary,Imports for consumption,Imports for consumption,,2640,3260,3390,3020,3800,https://pubs.usgs.gov/periodicals/mcs2026/mcs2026-lithium.pdf,"(Data in metric tons, lithium content, unless otherwise specified)","Price, annual average-real, battery-grade lithium carbonate, dollars per metric ton"
Lithium,primary,Exports,Exports,,1870,2440,1960,1690,2000,https://pubs.usgs.gov/periodicals/mcs2026/mcs2026-lithium.pdf,"(Data in metric tons, lithium content, unless otherwise specified)","Price, annual average-real, battery-grade lithium carbonate, dollars per metric ton"
Lithium,primary,"Consumption, apparent","Consumption, apparent",1,W,W,W,W,W,https://pubs.usgs.gov/periodicals/mcs2026/mcs2026-lithium.pdf,"(Data in metric tons, lithium content, unless otherwise specified)","Price, annual average-real, battery-grade lithium carbonate, dollars per metric ton"
Lithium,primary,"Price, annual average-real, battery-grade lithium carbonate, dollars per metric ton","Price, annual average-real, battery-grade lithium carbonate, dollars per metric ton",2,11700,63700,39000,11800,9000,https://pubs.usgs.gov/periodicals/mcs2026/mcs2026-lithium.pdf,"(Data in metric tons, lithium content, unless otherwise specified)","Price, annual average-real, battery-grade lithium carbonate, dollars per metric ton"
Lithium,primary,"Employment, mine and mill, number","Employment, mine and mill, number",,70,70,70,70,70,https://pubs.usgs.gov/periodicals/mcs2026/mcs2026-lithium.pdf,"(Data in metric tons, lithium content, unless otherwise specified)","Price, annual average-real, battery-grade lithium carbonate, dollars per metric ton"
Lithium,primary,Net import reliance as a percentage of apparent consumption,Net import reliance as a percentage of apparent consumption,,>25,>25,>50,>50,>50,https://pubs.usgs.gov/periodicals/mcs2026/mcs2026-lithium.pdf,"(Data in metric tons, lithium content, unless otherwise specified)","Price, annual average-real, battery-grade lithium carbonate, dollars per metric ton"
Magnesium,primary,Production,Primary,,W,W,0,0,0,https://pubs.usgs.gov/periodicals/mcs2026/mcs2026-magnesium-metal.pdf,(Data in thousand metric tons unless otherwise specified),"Price, annual average"
Magnesium,primary,Production,Secondary (new and old scrap),,103,115,108,109,110,https://pubs.usgs.gov/periodicals/mcs2026/mcs2026-magnesium-metal.pdf,(Data in thousand metric tons unless otherwise specified),"Price, annual average"
Magnesium,primary,Imports for consumption,Imports for consumption,,50,107,93,70,82,https://pubs.usgs.gov/periodicals/mcs2026/mcs2026-magnesium-metal.pdf,(Data in thousand metric tons unless otherwise specified),"Price, annual average"
Magnesium,primary,Exports,Exports,,10,9,5,5,3,https://pubs.usgs.gov/periodicals/mcs2026/mcs2026-magnesium-metal.pdf,(Data in thousand metric tons unless otherwise specified),"Price, annual average"
Magnesium,primary,Consumption,"Reported, primary",,48,50,53,46,40,https://pubs.usgs.gov/periodicals/mcs2026/mcs2026-magnesium-metal.pdf,(Data in thousand metric tons unless otherwise specified),"Price, annual average"
Magnesium,primary,Consumption,Apparent,2,W,W,W,W,W,https://pubs.usgs.gov/periodicals/mcs2026/mcs2026-magnesium-metal.pdf,(Data in thousand metric tons unless otherwise specified),"Price, annual average"
Magnesium,primary,"Price, annual average","U.S. spot Western, dollars per pound",,3.53,7.59,4.98,3.52,3.2,https://pubs.usgs.gov/periodicals/mcs2026/mcs2026-magnesium-metal.pdf,(Data in thousand metric tons unless otherwise specified),"Price, annual average"
Magnesium,primary,"Price, annual average","European free market, dollars per metric ton",,5011,5206,3240,2850,2500,https://pubs.usgs.gov/periodicals/mcs2026/mcs2026-magnesium-metal.pdf,(Data in thousand metric tons unless otherwise specified),"Price, annual average"
Magnesium,primary,"Stocks, producer, yearend","Stocks, producer, yearend",,W,W,W,W,W,https://pubs.usgs.gov/periodicals/mcs2026/mcs2026-magnesium-metal.pdf,(Data in thousand metric tons unless otherwise specified),"Price, annual average"
Magnesium,primary,"Employment, number","Employment, number",,400,400,200,200,0,https://pubs.usgs.gov/periodicals/mcs2026/mcs2026-magnesium-metal.pdf,(Data in thousand metric tons unless otherwise specified),"Price, annual average"
Magnesium,primary,Net import reliance as a percentage of apparent consumption,Net import reliance as a percentage of apparent consumption,,>25,>75,>75,>50,>75,https://pubs.usgs.gov/periodicals/mcs2026/mcs2026-magnesium-metal.pdf,(Data in thousand metric tons unless otherwise specified),"Price, annual average"
Manganese,primary,"Production, mine","Production, mine",,0,0,0,0,0,https://pubs.usgs.gov/periodicals/mcs2026/mcs2026-manganese.pdf,"(Data in thousand metric tons, gross weight, unless otherwise specified)","Price, average, manganese content, cost, insurance, and freight, China, dollars per metric ton unit"
Manganese,primary,Imports for consumption,Manganese ores and concentrates,,497,566,245,329,350,https://pubs.usgs.gov/periodicals/mcs2026/mcs2026-manganese.pdf,"(Data in thousand metric tons, gross weight, unless otherwise specified)","Price, average, manganese content, cost, insurance, and freight, China, dollars per metric ton unit"
Manganese,primary,Imports for consumption,Ferromanganese,,329,330,320,305,350,https://pubs.usgs.gov/periodicals/mcs2026/mcs2026-manganese.pdf,"(Data in thousand metric tons, gross weight, unless otherwise specified)","Price, average, manganese content, cost, insurance, and freight, China, dollars per metric ton unit"
Manganese,primary,Imports for consumption,Silicomanganese,,313,420,257,344,310,https://pubs.usgs.gov/periodicals/mcs2026/mcs2026-manganese.pdf,"(Data in thousand metric tons, gross weight, unless otherwise specified)","Price, average, manganese content, cost, insurance, and freight, China, dollars per metric ton unit"
Manganese,primary,Exports,Manganese ores and concentrates,,1,1,2,3,2,https://pubs.usgs.gov/periodicals/mcs2026/mcs2026-manganese.pdf,"(Data in thousand metric tons, gross weight, unless otherwise specified)","Price, average, manganese content, cost, insurance, and freight, China, dollars per metric ton unit"
Manganese,primary,Exports,Ferromanganese,,9,3,2,2,3,https://pubs.usgs.gov/periodicals/mcs2026/mcs2026-manganese.pdf,"(Data in thousand metric tons, gross weight, unless otherwise specified)","Price, average, manganese content, cost, insurance, and freight, China, dollars per metric ton unit"
Manganese,primary,Exports,Silicomanganese,,5,3,4,6,10,https://pubs.usgs.gov/periodicals/mcs2026/mcs2026-manganese.pdf,"(Data in thousand metric tons, gross weight, unless otherwise specified)","Price, average, manganese content, cost, insurance, and freight, China, dollars per metric ton unit"
Manganese,primary,Shipments from Government stockpile,Manganese ore,,2,0,NA,NA,NA,https://pubs.usgs.gov/periodicals/mcs2026/mcs2026-manganese.pdf,"(Data in thousand metric tons, gross weight, unless otherwise specified)","Price, average, manganese content, cost, insurance, and freight, China, dollars per metric ton unit"
Manganese,primary,Shipments from Government stockpile,"Ferromanganese and manganese metal, electrolytic",,21,14,NA,NA,NA,https://pubs.usgs.gov/periodicals/mcs2026/mcs2026-manganese.pdf,"(Data in thousand metric tons, gross weight, unless otherwise specified)","Price, average, manganese content, cost, insurance, and freight, China, dollars per metric ton unit"
Manganese,primary,"Consumption, reported",Manganese ore,3,399,357,321,403,410,https://pubs.usgs.gov/periodicals/mcs2026/mcs2026-manganese.pdf,"(Data in thousand metric tons, gross weight, unless otherwise specified)","Price, average, manganese content, cost, insurance, and freight, China, dollars per metric ton unit"
Manganese,primary,"Consumption, reported",Ferromanganese,,335,339,336,330,350,https://pubs.usgs.gov/periodicals/mcs2026/mcs2026-manganese.pdf,"(Data in thousand metric tons, gross weight, unless otherwise specified)","Price, average, manganese content, cost, insurance, and freight, China, dollars per metric ton unit"
Manganese,primary,"Consumption, reported",Silicomanganese,,237,234,230,230,250,https://pubs.usgs.gov/periodicals/mcs2026/mcs2026-manganese.pdf,"(Data in thousand metric tons, gross weight, unless otherwise specified)","Price, average, manganese content, cost, insurance, and freight, China, dollars per metric ton unit"
Manganese,primary,"Consumption, apparent, manganese content","Consumption, apparent, manganese content",4,717,804,653,670,640,https://pubs.usgs.gov/periodicals/mcs2026/mcs2026-manganese.pdf,"(Data in thousand metric tons, gross weight, unless otherwise specified)","Price, average, manganese content, cost, insurance, and freight, China, dollars per metric ton unit"
Manganese,primary,"Price, average, manganese content, cost, insurance, and freight, China, dollars per metric ton unit","Price, average, manganese content, cost, insurance, and freight, China, dollars per metric ton unit",5,5.27,5.97,4.8,5.53,4.5,https://pubs.usgs.gov/periodicals/mcs2026/mcs2026-manganese.pdf,"(Data in thousand metric tons, gross weight, unless otherwise specified)","Price, average, manganese content, cost, insurance, and freight, China, dollars per metric ton unit"
Manganese,primary,"Stocks, producer and consumer, yearend",Manganese ore,3,220,312,233,188,200,https://pubs.usgs.gov/periodicals/mcs2026/mcs2026-manganese.pdf,"(Data in thousand metric tons, gross weight, unless otherwise specified)","Price, average, manganese content, cost, insurance, and freight, China, dollars per metric ton unit"
Manganese,primary,"Stocks, producer and consumer, yearend",Ferromanganese,,40,50,27,40,40,https://pubs.usgs.gov/periodicals/mcs2026/mcs2026-manganese.pdf,"(Data in thousand metric tons, gross weight, unless otherwise specified)","Price, average, manganese content, cost, insurance, and freight, China, dollars per metric ton unit"
Manganese,primary,"Stocks, producer and consumer, yearend",Silicomanganese,,34,26,18,30,30,https://pubs.usgs.gov/periodicals/mcs2026/mcs2026-manganese.pdf,"(Data in thousand metric tons, gross weight, unless otherwise specified)","Price, average, manganese content, cost, insurance, and freight, China, dollars per metric ton unit"
Manganese,primary,"Net import reliance as a percentage of apparent consumption, manganese content","Net import reliance as a percentage of apparent consumption, manganese content",,100,100,100,100,100,https://pubs.usgs.gov/periodicals/mcs2026/mcs2026-manganese.pdf,"(Data in thousand metric tons, gross weight, unless otherwise specified)","Price, average, manganese content, cost, insurance, and freight, China, dollars per metric ton unit"
Molybdenum,primary,"Production, mine","Production, mine",,41100,34600,34000,34000,40000,https://pubs.usgs.gov/periodicals/mcs2026/mcs2026-molybdenum.pdf,"(Data in metric tons, molybdenum content, unless otherwise specified)","Price, average, dollars per kilogram"
Molybdenum,primary,Imports for consumption total,Ore and concentrates,,15500,15700,16200,14700,17000,https://pubs.usgs.gov/periodicals/mcs2026/mcs2026-molybdenum.pdf,"(Data in metric tons, molybdenum content, unless otherwise specified)","Price, average, dollars per kilogram"
Molybdenum,primary,Imports for consumption total,Primary products,,14700,13100,13500,12200,9700,https://pubs.usgs.gov/periodicals/mcs2026/mcs2026-molybdenum.pdf,"(Data in metric tons, molybdenum content, unless otherwise specified)","Price, average, dollars per kilogram"
Molybdenum,primary,Exports,Ore and concentrates,1,33900,26900,29200,26900,27000,https://pubs.usgs.gov/periodicals/mcs2026/mcs2026-molybdenum.pdf,"(Data in metric tons, molybdenum content, unless otherwise specified)","Price, average, dollars per kilogram"
Molybdenum,primary,Exports,Primary products,,4150,4860,4230,5890,6500,https://pubs.usgs.gov/periodicals/mcs2026/mcs2026-molybdenum.pdf,"(Data in metric tons, molybdenum content, unless otherwise specified)","Price, average, dollars per kilogram"
Molybdenum,primary,Consumption,Reported,2,16100,15800,16000,17000,18000,https://pubs.usgs.gov/periodicals/mcs2026/mcs2026-molybdenum.pdf,"(Data in metric tons, molybdenum content, unless otherwise specified)","Price, average, dollars per kilogram"
Molybdenum,primary,Consumption,Apparent,3,33100,31500,30700,28500,34000,https://pubs.usgs.gov/periodicals/mcs2026/mcs2026-molybdenum.pdf,"(Data in metric tons, molybdenum content, unless otherwise specified)","Price, average, dollars per kilogram"
Molybdenum,primary,"Price, average, dollars per kilogram","Price, average, dollars per kilogram",4,35.62,41.72,54.32,47.72,51,https://pubs.usgs.gov/periodicals/mcs2026/mcs2026-molybdenum.pdf,"(Data in metric tons, molybdenum content, unless otherwise specified)","Price, average, dollars per kilogram"
Molybdenum,primary,"Stocks, consumer materials","Stocks, consumer materials",,2040,2040,1900,1900,2000,https://pubs.usgs.gov/periodicals/mcs2026/mcs2026-molybdenum.pdf,"(Data in metric tons, molybdenum content, unless otherwise specified)","Price, average, dollars per kilogram"
Molybdenum,primary,Net import reliance as a percentage of apparent consumption,Net import reliance as a percentage of apparent consumption,,E,E,E,E,E,https://pubs.usgs.gov/periodicals/mcs2026/mcs2026-molybdenum.pdf,"(Data in metric tons, molybdenum content, unless otherwise specified)","Price, average, dollars per kilogram"
Nickel,primary,Production,Mine,,18400,17500,16400,7490,10000,https://pubs.usgs.gov/periodicals/mcs2026/mcs2026-nickel.pdf,"(Data in metric tons, nickel content, unless otherwise specified)","Price, average annual, London Metal Exchange"
Nickel,primary,Production,"Refinery, byproduct",,W,W,W,W,W,https://pubs.usgs.gov/periodicals/mcs2026/mcs2026-nickel.pdf,"(Data in metric tons, nickel content, unless otherwise specified)","Price, average annual, London Metal Exchange"
Nickel,primary,Imports,20 Primary,,108000,127000,112000,105000,100000,https://pubs.usgs.gov/periodicals/mcs2026/mcs2026-nickel.pdf,"(Data in metric tons, nickel content, unless otherwise specified)","Price, average annual, London Metal Exchange"
Nickel,primary,Imports,Secondary,,34400,37300,39600,40000,45000,https://pubs.usgs.gov/periodicals/mcs2026/mcs2026-nickel.pdf,"(Data in metric tons, nickel content, unless otherwise specified)","Price, average annual, London Metal Exchange"
Nickel,primary,Exports,Ores and concentrates,,14900,15200,9100,5630,11000,https://pubs.usgs.gov/periodicals/mcs2026/mcs2026-nickel.pdf,"(Data in metric tons, nickel content, unless otherwise specified)","Price, average annual, London Metal Exchange"
Nickel,primary,Exports,Primary,,11600,11100,12200,15900,9800,https://pubs.usgs.gov/periodicals/mcs2026/mcs2026-nickel.pdf,"(Data in metric tons, nickel content, unless otherwise specified)","Price, average annual, London Metal Exchange"
Nickel,primary,Exports,Secondary,,29200,44400,57200,46900,35200,https://pubs.usgs.gov/periodicals/mcs2026/mcs2026-nickel.pdf,"(Data in metric tons, nickel content, unless otherwise specified)","Price, average annual, London Metal Exchange"
Nickel,primary,Consumption,"Reported, primary",,92100,96700,107000,114000,120000,https://pubs.usgs.gov/periodicals/mcs2026/mcs2026-nickel.pdf,"(Data in metric tons, nickel content, unless otherwise specified)","Price, average annual, London Metal Exchange"
Nickel,primary,Consumption,"Reported, secondary, purchased scrap",2,156000,153000,140000,121000,130000,https://pubs.usgs.gov/periodicals/mcs2026/mcs2026-nickel.pdf,"(Data in metric tons, nickel content, unless otherwise specified)","Price, average annual, London Metal Exchange"
Nickel,primary,Consumption,"Apparent, primary",3,97500,117000,98500,90300,90000,https://pubs.usgs.gov/periodicals/mcs2026/mcs2026-nickel.pdf,"(Data in metric tons, nickel content, unless otherwise specified)","Price, average annual, London Metal Exchange"
Nickel,primary,Consumption,"Apparent, total",4,254000,270000,238000,211000,220000,https://pubs.usgs.gov/periodicals/mcs2026/mcs2026-nickel.pdf,"(Data in metric tons, nickel content, unless otherwise specified)","Price, average annual, London Metal Exchange"
Nickel,primary,"Price, average annual, London Metal Exchange",Dollars per metric ton,,18476,25815,21495,16812,15000,https://pubs.usgs.gov/periodicals/mcs2026/mcs2026-nickel.pdf,"(Data in metric tons, nickel content, unless otherwise specified)","Price, average annual, London Metal Exchange"
Nickel,primary,"Price, average annual, London Metal Exchange",Dollars per pound,,8.38,11.71,9.75,7.63,6.9,https://pubs.usgs.gov/periodicals/mcs2026/mcs2026-nickel.pdf,"(Data in metric tons, nickel content, unless otherwise specified)","Price, average annual, London Metal Exchange"
Nickel,primary,"Stocks, yearend",Consumer,,25100,23200,25700,25500,25000,https://pubs.usgs.gov/periodicals/mcs2026/mcs2026-nickel.pdf,"(Data in metric tons, nickel content, unless otherwise specified)","Price, average annual, London Metal Exchange"
Nickel,primary,"Stocks, yearend",LME U.S. warehouses,,1296,6,1506,258,110,https://pubs.usgs.gov/periodicals/mcs2026/mcs2026-nickel.pdf,"(Data in metric tons, nickel content, unless otherwise specified)","Price, average annual, London Metal Exchange"
Nickel,primary,Net import reliance as a percentage of total apparent consumption,Net import reliance as a percentage of total apparent consumption,,38,43,41,43,41,https://pubs.usgs.gov/periodicals/mcs2026/mcs2026-nickel.pdf,"(Data in metric tons, nickel content, unless otherwise specified)","Price, average annual, London Metal Exchange"
Niobium (columbium),primary,"Production, mine","Production, mine",,0,0,0,0,0,https://pubs.usgs.gov/periodicals/mcs2026/mcs2026-niobium.pdf,"(Data in metric tons, niobium content, unless otherwise specified)","Price, average unit value, ferroniobium, dollars per kilogram"
Niobium (columbium),primary,Imports for consumption,Imports for consumption,1,8230,9110,10100,9820,10000,https://pubs.usgs.gov/periodicals/mcs2026/mcs2026-niobium.pdf,"(Data in metric tons, niobium content, unless otherwise specified)","Price, average unit value, ferroniobium, dollars per kilogram"
Niobium (columbium),primary,Exports,Exports,1,992,667,951,485,420,https://pubs.usgs.gov/periodicals/mcs2026/mcs2026-niobium.pdf,"(Data in metric tons, niobium content, unless otherwise specified)","Price, average unit value, ferroniobium, dollars per kilogram"
Niobium (columbium),primary,Consumption,Apparent,3,7240,8440,9100,9340,9900,https://pubs.usgs.gov/periodicals/mcs2026/mcs2026-niobium.pdf,"(Data in metric tons, niobium content, unless otherwise specified)","Price, average unit value, ferroniobium, dollars per kilogram"
Niobium (columbium),primary,Consumption,Reported,4,6110,7230,7110,6600,6700,https://pubs.usgs.gov/periodicals/mcs2026/mcs2026-niobium.pdf,"(Data in metric tons, niobium content, unless otherwise specified)","Price, average unit value, ferroniobium, dollars per kilogram"
Niobium (columbium),primary,"Price, average unit value, ferroniobium, dollars per kilogram","Price, average unit value, ferroniobium, dollars per kilogram",5,21,25,25,26,26,https://pubs.usgs.gov/periodicals/mcs2026/mcs2026-niobium.pdf,"(Data in metric tons, niobium content, unless otherwise specified)","Price, average unit value, ferroniobium, dollars per kilogram"
Niobium (columbium),primary,Net import reliance as a percentage of apparent consumption,Net import reliance as a percentage of apparent consumption,,100,100,100,100,100,https://pubs.usgs.gov/periodicals/mcs2026/mcs2026-niobium.pdf,"(Data in metric tons, niobium content, unless otherwise specified)","Price, average unit value, ferroniobium, dollars per kilogram"
Platinum-group metals (grouped),primary,,Palladium,,13700,10100,10300,10200,6200,https://pubs.usgs.gov/periodicals/mcs2026/mcs2026-platinum-group.pdf,"(Palladium, platinum, iridium, osmium, rhodium, and ruthenium)","Price, dollars per troy ounce"
Platinum-group metals (grouped),primary,,Platinum,,4020,3000,3040,3010,1800,https://pubs.usgs.gov/periodicals/mcs2026/mcs2026-platinum-group.pdf,"(Palladium, platinum, iridium, osmium, rhodium, and ruthenium)","Price, dollars per troy ounce"
Platinum-group metals (grouped),primary,Imports for consumption,Palladium,,72600,65200,66900,68300,92000,https://pubs.usgs.gov/periodicals/mcs2026/mcs2026-platinum-group.pdf,"(Palladium, platinum, iridium, osmium, rhodium, and ruthenium)","Price, dollars per troy ounce"
Platinum-group metals (grouped),primary,Imports for consumption,Platinum,,67900,64200,66800,70500,99000,https://pubs.usgs.gov/periodicals/mcs2026/mcs2026-platinum-group.pdf,"(Palladium, platinum, iridium, osmium, rhodium, and ruthenium)","Price, dollars per troy ounce"
Platinum-group metals (grouped),primary,Imports for consumption,PGM waste and scrap,,160000,41500,32100,52800,150000,https://pubs.usgs.gov/periodicals/mcs2026/mcs2026-platinum-group.pdf,"(Palladium, platinum, iridium, osmium, rhodium, and ruthenium)","Price, dollars per troy ounce"
Platinum-group metals (grouped),primary,Imports for consumption,Iridium,,2310,1610,2040,1360,2200,https://pubs.usgs.gov/periodicals/mcs2026/mcs2026-platinum-group.pdf,"(Palladium, platinum, iridium, osmium, rhodium, and ruthenium)","Price, dollars per troy ounce"
Platinum-group metals (grouped),primary,Imports for consumption,Osmium,,1,1,0,1,57,https://pubs.usgs.gov/periodicals/mcs2026/mcs2026-platinum-group.pdf,"(Palladium, platinum, iridium, osmium, rhodium, and ruthenium)","Price, dollars per troy ounce"
Platinum-group metals (grouped),primary,Imports for consumption,Rhodium,,16500,13200,12100,14500,14000,https://pubs.usgs.gov/periodicals/mcs2026/mcs2026-platinum-group.pdf,"(Palladium, platinum, iridium, osmium, rhodium, and ruthenium)","Price, dollars per troy ounce"
Platinum-group metals (grouped),primary,Imports for consumption,Ruthenium,,18000,13300,10800,9780,14000,https://pubs.usgs.gov/periodicals/mcs2026/mcs2026-platinum-group.pdf,"(Palladium, platinum, iridium, osmium, rhodium, and ruthenium)","Price, dollars per troy ounce"
Platinum-group metals (grouped),primary,Exports,Palladium,,43900,42200,33600,39900,18000,https://pubs.usgs.gov/periodicals/mcs2026/mcs2026-platinum-group.pdf,"(Palladium, platinum, iridium, osmium, rhodium, and ruthenium)","Price, dollars per troy ounce"
Platinum-group metals (grouped),primary,Exports,Platinum,,29400,23100,11300,11700,17000,https://pubs.usgs.gov/periodicals/mcs2026/mcs2026-platinum-group.pdf,"(Palladium, platinum, iridium, osmium, rhodium, and ruthenium)","Price, dollars per troy ounce"
Platinum-group metals (grouped),primary,Exports,PGM waste and scrap,,37800,35200,13900,13600,24000,https://pubs.usgs.gov/periodicals/mcs2026/mcs2026-platinum-group.pdf,"(Palladium, platinum, iridium, osmium, rhodium, and ruthenium)","Price, dollars per troy ounce"
Platinum-group metals (grouped),primary,Exports,Rhodium,,1350,717,453,766,340,https://pubs.usgs.gov/periodicals/mcs2026/mcs2026-platinum-group.pdf,"(Palladium, platinum, iridium, osmium, rhodium, and ruthenium)","Price, dollars per troy ounce"
Platinum-group metals (grouped),primary,Exports,Other PGMs,,2180,1010,845,2050,2700,https://pubs.usgs.gov/periodicals/mcs2026/mcs2026-platinum-group.pdf,"(Palladium, platinum, iridium, osmium, rhodium, and ruthenium)","Price, dollars per troy ounce"
Platinum-group metals (grouped),primary,"Consumption, apparent",Palladium,,81400,74100,88500,83600,130000,https://pubs.usgs.gov/periodicals/mcs2026/mcs2026-platinum-group.pdf,"(Palladium, platinum, iridium, osmium, rhodium, and ruthenium)","Price, dollars per troy ounce"
Platinum-group metals (grouped),primary,"Consumption, apparent",Platinum,,51100,52900,67100,68900,92000,https://pubs.usgs.gov/periodicals/mcs2026/mcs2026-platinum-group.pdf,"(Palladium, platinum, iridium, osmium, rhodium, and ruthenium)","Price, dollars per troy ounce"
Platinum-group metals (grouped),primary,"Price, dollars per troy ounce",Palladium,,2419.18,2133.81,1351.66,994.9,1100,https://pubs.usgs.gov/periodicals/mcs2026/mcs2026-platinum-group.pdf,"(Palladium, platinum, iridium, osmium, rhodium, and ruthenium)","Price, dollars per troy ounce"
Platinum-group metals (grouped),primary,"Price, dollars per troy ounce",Platinum,,1094.31,966.54,973,960.7,1200,https://pubs.usgs.gov/periodicals/mcs2026/mcs2026-platinum-group.pdf,"(Palladium, platinum, iridium, osmium, rhodium, and ruthenium)","Price, dollars per troy ounce"
Platinum-group metals (grouped),primary,"Price, dollars per troy ounce",Iridium,,5158.4,4581.93,4672.78,4810.4,4400,https://pubs.usgs.gov/periodicals/mcs2026/mcs2026-platinum-group.pdf,"(Palladium, platinum, iridium, osmium, rhodium, and ruthenium)","Price, dollars per troy ounce"
Platinum-group metals (grouped),primary,"Price, dollars per troy ounce",Rhodium,,20254.1,15585,6660.58,4660.44,5800,https://pubs.usgs.gov/periodicals/mcs2026/mcs2026-platinum-group.pdf,"(Palladium, platinum, iridium, osmium, rhodium, and ruthenium)","Price, dollars per troy ounce"
Platinum-group metals (grouped),primary,"Price, dollars per troy ounce",Ruthenium,,576.12,577.02,466.49,451.02,690,https://pubs.usgs.gov/periodicals/mcs2026/mcs2026-platinum-group.pdf,"(Palladium, platinum, iridium, osmium, rhodium, and ruthenium)","Price, dollars per troy ounce"
Platinum-group metals (grouped),primary,"Employment, mine, number","Employment, mine, number",,1600,1560,1450,901,810,https://pubs.usgs.gov/periodicals/mcs2026/mcs2026-platinum-group.pdf,"(Palladium, platinum, iridium, osmium, rhodium, and ruthenium)","Price, dollars per troy ounce"
Platinum-group metals (grouped),primary,Net import reliance as a percentage of,Palladium,,35,31,38,34,57,https://pubs.usgs.gov/periodicals/mcs2026/mcs2026-platinum-group.pdf,"(Palladium, platinum, iridium, osmium, rhodium, and ruthenium)","Price, dollars per troy ounce"
Platinum-group metals (grouped),primary,Net import reliance as a percentage of,Platinum,,75,78,83,85,89,https://pubs.usgs.gov/periodicals/mcs2026/mcs2026-platinum-group.pdf,"(Palladium, platinum, iridium, osmium, rhodium, and ruthenium)","Price, dollars per troy ounce"
Rare Earths (grouped),primary,Production,Mineral concentrates,2,42400,42500,41600,45500,51000,https://pubs.usgs.gov/periodicals/mcs2026/mcs2026-rare-earths.pdf,"[Data in metric tons, rare-earth-oxide (REO) equivalent, unless otherwise specified]","Price, average, dollars per kilogram"
Rare Earths (grouped),primary,Production,Compounds and metals,,120,95,800,4300,8900,https://pubs.usgs.gov/periodicals/mcs2026/mcs2026-rare-earths.pdf,"[Data in metric tons, rare-earth-oxide (REO) equivalent, unless otherwise specified]","Price, average, dollars per kilogram"
Rare Earths (grouped),primary,Imports,Compounds,,7730,10800,8970,8120,21000,https://pubs.usgs.gov/periodicals/mcs2026/mcs2026-rare-earths.pdf,"[Data in metric tons, rare-earth-oxide (REO) equivalent, unless otherwise specified]","Price, average, dollars per kilogram"
Rare Earths (grouped),primary,Imports,"Ferrocerium, alloys",,330,395,259,238,1100,https://pubs.usgs.gov/periodicals/mcs2026/mcs2026-rare-earths.pdf,"[Data in metric tons, rare-earth-oxide (REO) equivalent, unless otherwise specified]","Price, average, dollars per kilogram"
Rare Earths (grouped),primary,Imports,Rare-earth metals and alloys,,579,487,476,96,350,https://pubs.usgs.gov/periodicals/mcs2026/mcs2026-rare-earths.pdf,"[Data in metric tons, rare-earth-oxide (REO) equivalent, unless otherwise specified]","Price, average, dollars per kilogram"
Rare Earths (grouped),primary,Exports,Ores and compounds,,45700,45900,20700,37500,14000,https://pubs.usgs.gov/periodicals/mcs2026/mcs2026-rare-earths.pdf,"[Data in metric tons, rare-earth-oxide (REO) equivalent, unless otherwise specified]","Price, average, dollars per kilogram"
Rare Earths (grouped),primary,Exports,"Ferrocerium, alloys",,825,1520,817,902,890,https://pubs.usgs.gov/periodicals/mcs2026/mcs2026-rare-earths.pdf,"[Data in metric tons, rare-earth-oxide (REO) equivalent, unless otherwise specified]","Price, average, dollars per kilogram"
Rare Earths (grouped),primary,Exports,Rare-earth metals and alloys,,20,24,63,347,430,https://pubs.usgs.gov/periodicals/mcs2026/mcs2026-rare-earths.pdf,"[Data in metric tons, rare-earth-oxide (REO) equivalent, unless otherwise specified]","Price, average, dollars per kilogram"
Rare Earths (grouped),primary,"Consumption, apparent, compounds and metals","Consumption, apparent, compounds and metals",5,7900,10200,8600,9010,27000,https://pubs.usgs.gov/periodicals/mcs2026/mcs2026-rare-earths.pdf,"[Data in metric tons, rare-earth-oxide (REO) equivalent, unless otherwise specified]","Price, average, dollars per kilogram"
Rare Earths (grouped),primary,"Price, average, dollars per kilogram","Lanthanum oxide, 99.5% minimum",,1.51,1.39,0.96,0.97,1,https://pubs.usgs.gov/periodicals/mcs2026/mcs2026-rare-earths.pdf,"[Data in metric tons, rare-earth-oxide (REO) equivalent, unless otherwise specified]","Price, average, dollars per kilogram"
Rare Earths (grouped),primary,"Price, average, dollars per kilogram","Cerium oxide, 99.5% minimum",,1.54,1.45,1.03,1.21,1.71,https://pubs.usgs.gov/periodicals/mcs2026/mcs2026-rare-earths.pdf,"[Data in metric tons, rare-earth-oxide (REO) equivalent, unless otherwise specified]","Price, average, dollars per kilogram"
Rare Earths (grouped),primary,"Price, average, dollars per kilogram","Mischmetal, 65% cerium, 35% lanthanum",,5.66,6.52,5.47,5.45,5.62,https://pubs.usgs.gov/periodicals/mcs2026/mcs2026-rare-earths.pdf,"[Data in metric tons, rare-earth-oxide (REO) equivalent, unless otherwise specified]","Price, average, dollars per kilogram"
Rare Earths (grouped),primary,"Price, average, dollars per kilogram","Praseodymium oxide, 99.99% minimum",,93,128,76,56,74,https://pubs.usgs.gov/periodicals/mcs2026/mcs2026-rare-earths.pdf,"[Data in metric tons, rare-earth-oxide (REO) equivalent, unless otherwise specified]","Price, average, dollars per kilogram"
Rare Earths (grouped),primary,"Price, average, dollars per kilogram","Neodymium oxide, 99.5% minimum",,98,134,78,56,73,https://pubs.usgs.gov/periodicals/mcs2026/mcs2026-rare-earths.pdf,"[Data in metric tons, rare-earth-oxide (REO) equivalent, unless otherwise specified]","Price, average, dollars per kilogram"
Rare Earths (grouped),primary,"Price, average, dollars per kilogram","Neodymium-praseodymium (NdPr) oxide, 99% minimum",,92,124,75,55,69,https://pubs.usgs.gov/periodicals/mcs2026/mcs2026-rare-earths.pdf,"[Data in metric tons, rare-earth-oxide (REO) equivalent, unless otherwise specified]","Price, average, dollars per kilogram"
Rare Earths (grouped),primary,"Price, average, dollars per kilogram","Samarium oxide, 99.5% minimum",,2.03,3.34,2.17,2.01,2.82,https://pubs.usgs.gov/periodicals/mcs2026/mcs2026-rare-earths.pdf,"[Data in metric tons, rare-earth-oxide (REO) equivalent, unless otherwise specified]","Price, average, dollars per kilogram"
Rare Earths (grouped),primary,"Price, average, dollars per kilogram","Europium oxide, 99.99% minimum",,31,30,27,27,27,https://pubs.usgs.gov/periodicals/mcs2026/mcs2026-rare-earths.pdf,"[Data in metric tons, rare-earth-oxide (REO) equivalent, unless otherwise specified]","Price, average, dollars per kilogram"
Rare Earths (grouped),primary,"Price, average, dollars per kilogram","Gadolinium oxide, 99.99% minimum",,47,75,47,28,30,https://pubs.usgs.gov/periodicals/mcs2026/mcs2026-rare-earths.pdf,"[Data in metric tons, rare-earth-oxide (REO) equivalent, unless otherwise specified]","Price, average, dollars per kilogram"
Rare Earths (grouped),primary,"Employment, mine and mill, annual average, number","Employment, mine and mill, annual average, number",,293,350,450,570,670,https://pubs.usgs.gov/periodicals/mcs2026/mcs2026-rare-earths.pdf,"[Data in metric tons, rare-earth-oxide (REO) equivalent, unless otherwise specified]","Price, average, dollars per kilogram"
Rare Earths (grouped),primary,Net import reliance as a percentage of apparent consumption,Compounds and metals,,>95,>95,>90,53,67,https://pubs.usgs.gov/periodicals/mcs2026/mcs2026-rare-earths.pdf,"[Data in metric tons, rare-earth-oxide (REO) equivalent, unless otherwise specified]","Price, average, dollars per kilogram"
Rare Earths (grouped),primary,Net import reliance as a percentage of apparent consumption,Mineral concentrates,,E,E,E,E,E,https://pubs.usgs.gov/periodicals/mcs2026/mcs2026-rare-earths.pdf,"[Data in metric tons, rare-earth-oxide (REO) equivalent, unless otherwise specified]","Price, average, dollars per kilogram"
Rhenium,primary,Production,Production,1,9290,8870,9410,9310,9800,https://pubs.usgs.gov/periodicals/mcs2026/mcs2026-rhenium.pdf,"(Data in kilograms, rhenium content, unless otherwise specified)","Price, average value, gross weight, dollars per kilogram"
Rhenium,primary,Imports for consumption,"Rhenium, unwrought and powders",2,15900,11000,10200,12600,23000,https://pubs.usgs.gov/periodicals/mcs2026/mcs2026-rhenium.pdf,"(Data in kilograms, rhenium content, unless otherwise specified)","Price, average value, gross weight, dollars per kilogram"
Rhenium,primary,Imports for consumption,Ammonium perrhenate,3,6020,8810,4890,7450,7800,https://pubs.usgs.gov/periodicals/mcs2026/mcs2026-rhenium.pdf,"(Data in kilograms, rhenium content, unless otherwise specified)","Price, average value, gross weight, dollars per kilogram"
Rhenium,primary,Exports,Exports,,0,92,689,735,2200,https://pubs.usgs.gov/periodicals/mcs2026/mcs2026-rhenium.pdf,"(Data in kilograms, rhenium content, unless otherwise specified)","Price, average value, gross weight, dollars per kilogram"
Rhenium,primary,"Consumption, apparent","Consumption, apparent",4,31200,28600,23800,28700,38000,https://pubs.usgs.gov/periodicals/mcs2026/mcs2026-rhenium.pdf,"(Data in kilograms, rhenium content, unless otherwise specified)","Price, average value, gross weight, dollars per kilogram"
Rhenium,primary,"Price, average value, gross weight, dollars per kilogram","Metal, 99.99% pure",,977,1120,1070,1360,2600,https://pubs.usgs.gov/periodicals/mcs2026/mcs2026-rhenium.pdf,"(Data in kilograms, rhenium content, unless otherwise specified)","Price, average value, gross weight, dollars per kilogram"
Rhenium,primary,"Price, average value, gross weight, dollars per kilogram",Ammonium perrhenate,,866,911,920,1290,2300,https://pubs.usgs.gov/periodicals/mcs2026/mcs2026-rhenium.pdf,"(Data in kilograms, rhenium content, unless otherwise specified)","Price, average value, gross weight, dollars per kilogram"
Rhenium,primary,"Employment, number",Small Net import reliance as a percentage of apparent consumption,,70,69,61,68,75,https://pubs.usgs.gov/periodicals/mcs2026/mcs2026-rhenium.pdf,"(Data in kilograms, rhenium content, unless otherwise specified)","Price, average value, gross weight, dollars per kilogram"
Scandium,primary,"Imports, scandium oxide","Imports, scandium oxide",,1,6,6,7,4,https://pubs.usgs.gov/periodicals/mcs2026/mcs2026-scandium.pdf,"(Data in metric tons, scandium oxide equivalent, unless otherwise specified)","Price, global, dollars per kilogram, range of average values"
Scandium,primary,"Price, global, dollars per kilogram, range of average values","Scandium oxide, powder, 99.99% purity, 5- to 100- kilogram lot size",3,945,850,720,665,640,https://pubs.usgs.gov/periodicals/mcs2026/mcs2026-scandium.pdf,"(Data in metric tons, scandium oxide equivalent, unless otherwise specified)","Price, global, dollars per kilogram, range of average values"
Scandium,primary,"Price, global, dollars per kilogram, range of average values","Scandium metal, ingot, 99.999% purity, 1- to 10-kilogram lot size",,5300,5400,5500,5200,5200,https://pubs.usgs.gov/periodicals/mcs2026/mcs2026-scandium.pdf,"(Data in metric tons, scandium oxide equivalent, unless otherwise specified)","Price, global, dollars per kilogram, range of average values"
Scandium,primary,"Price, global, dollars per kilogram, range of average values","Scandium-aluminum alloy, ingot, scandium 2%, 1- to 30- kilogram lot size",,42,40,37,34,30,https://pubs.usgs.gov/periodicals/mcs2026/mcs2026-scandium.pdf,"(Data in metric tons, scandium oxide equivalent, unless otherwise specified)","Price, global, dollars per kilogram, range of average values"
Scandium,primary,Net import reliance as a percentage of apparent consumption,Net import reliance as a percentage of apparent consumption,,100,100,100,100,100,https://pubs.usgs.gov/periodicals/mcs2026/mcs2026-scandium.pdf,"(Data in metric tons, scandium oxide equivalent, unless otherwise specified)","Price, global, dollars per kilogram, range of average values"
Silicon,primary,"Production, ferrosilicon and silicon metal","Production, ferrosilicon and silicon metal",2,W,W,W,W,W,https://pubs.usgs.gov/periodicals/mcs2026/mcs2026-silicon.pdf,"(Data in thousand metric tons, silicon content, unless otherwise specified)","Price, average, cents per pound of silicon"
Silicon,primary,Imports for consumption,"Ferrosilicon, all grades",,125,175,154,126,110,https://pubs.usgs.gov/periodicals/mcs2026/mcs2026-silicon.pdf,"(Data in thousand metric tons, silicon content, unless otherwise specified)","Price, average, cents per pound of silicon"
Silicon,primary,Imports for consumption,Silicon metal,,97,116,79,117,180,https://pubs.usgs.gov/periodicals/mcs2026/mcs2026-silicon.pdf,"(Data in thousand metric tons, silicon content, unless otherwise specified)","Price, average, cents per pound of silicon"
Silicon,primary,Exports,"Ferrosilicon, all grades",,7,9,5,4,2,https://pubs.usgs.gov/periodicals/mcs2026/mcs2026-silicon.pdf,"(Data in thousand metric tons, silicon content, unless otherwise specified)","Price, average, cents per pound of silicon"
Silicon,primary,Exports,Silicon metal,,53,47,42,40,30,https://pubs.usgs.gov/periodicals/mcs2026/mcs2026-silicon.pdf,"(Data in thousand metric tons, silicon content, unless otherwise specified)","Price, average, cents per pound of silicon"
Silicon,primary,"Consumption, apparent, ferrosilicon and silicon metal","Consumption, apparent, ferrosilicon and silicon metal",2,W,W,W,W,W,https://pubs.usgs.gov/periodicals/mcs2026/mcs2026-silicon.pdf,"(Data in thousand metric tons, silicon content, unless otherwise specified)","Price, average, cents per pound of silicon"
Silicon,primary,"Price, average, cents per pound of silicon","Ferrosilicon, 50% silicon",4,137.94,NA,NA,NA,NA,https://pubs.usgs.gov/periodicals/mcs2026/mcs2026-silicon.pdf,"(Data in thousand metric tons, silicon content, unless otherwise specified)","Price, average, cents per pound of silicon"
Silicon,primary,"Price, average, cents per pound of silicon","Ferrosilicon, 75% silicon",5,192.28,312.1,142.23,131.96,140,https://pubs.usgs.gov/periodicals/mcs2026/mcs2026-silicon.pdf,"(Data in thousand metric tons, silicon content, unless otherwise specified)","Price, average, cents per pound of silicon"
Silicon,primary,"Price, average, cents per pound of silicon",Silicon metal,,220.31,361.86,179.69,170.34,130,https://pubs.usgs.gov/periodicals/mcs2026/mcs2026-silicon.pdf,"(Data in thousand metric tons, silicon content, unless otherwise specified)","Price, average, cents per pound of silicon"
Silicon,primary,"Stocks, producer, ferrosilicon and silicon metal, yearend","Stocks, producer, ferrosilicon and silicon metal, yearend",,11,17,15,W,W,https://pubs.usgs.gov/periodicals/mcs2026/mcs2026-silicon.pdf,"(Data in thousand metric tons, silicon content, unless otherwise specified)","Price, average, cents per pound of silicon"
Silicon,primary,Net import reliance as a percentage of apparent consumption,"Ferrosilicon, all grades",,<50,>50,>50,<50,<50,https://pubs.usgs.gov/periodicals/mcs2026/mcs2026-silicon.pdf,"(Data in thousand metric tons, silicon content, unless otherwise specified)","Price, average, cents per pound of silicon"
Silicon,primary,Net import reliance as a percentage of apparent consumption,Silicon metal,2,<25,<50,<50,<50,>50,https://pubs.usgs.gov/periodicals/mcs2026/mcs2026-silicon.pdf,"(Data in thousand metric tons, silicon content, unless otherwise specified)","Price, average, cents per pound of silicon"
Silicon,primary,Net import reliance as a percentage of apparent consumption,Total,,<50,<50,<50,<50,>50,https://pubs.usgs.gov/periodicals/mcs2026/mcs2026-silicon.pdf,"(Data in thousand metric tons, silicon content, unless otherwise specified)","Price, average, cents per pound of silicon"
Silver,primary,Production,Mine,,1020,1010,1020,1050,1100,https://pubs.usgs.gov/periodicals/mcs2026/mcs2026-silver.pdf,"(Data in metric tons, silver content, unless otherwise specified)","Price, bullion, average, dollars per troy ounce"
Silver,primary,Production,Primary,,1920,1850,1150,1140,1100,https://pubs.usgs.gov/periodicals/mcs2026/mcs2026-silver.pdf,"(Data in metric tons, silver content, unless otherwise specified)","Price, bullion, average, dollars per troy ounce"
Silver,primary,Production,Secondary (new and old scrap),,908,1090,1150,955,1000,https://pubs.usgs.gov/periodicals/mcs2026/mcs2026-silver.pdf,"(Data in metric tons, silver content, unless otherwise specified)","Price, bullion, average, dollars per troy ounce"
Silver,primary,Imports for consumption,Imports for consumption,2,6160,4490,4950,4430,7600,https://pubs.usgs.gov/periodicals/mcs2026/mcs2026-silver.pdf,"(Data in metric tons, silver content, unless otherwise specified)","Price, bullion, average, dollars per troy ounce"
Silver,primary,Exports,Exports,2,137,276,73,113,300,https://pubs.usgs.gov/periodicals/mcs2026/mcs2026-silver.pdf,"(Data in metric tons, silver content, unless otherwise specified)","Price, bullion, average, dollars per troy ounce"
Silver,primary,"Consumption, apparent","Consumption, apparent",3,7950,6310,7070,6320,9400,https://pubs.usgs.gov/periodicals/mcs2026/mcs2026-silver.pdf,"(Data in metric tons, silver content, unless otherwise specified)","Price, bullion, average, dollars per troy ounce"
Silver,primary,"Price, bullion, average, dollars per troy ounce","Price, bullion, average, dollars per troy ounce",4,25.23,21.88,23.54,28.37,38,https://pubs.usgs.gov/periodicals/mcs2026/mcs2026-silver.pdf,"(Data in metric tons, silver content, unless otherwise specified)","Price, bullion, average, dollars per troy ounce"
Silver,primary,"Stocks, yearend",Industry,,56,55,27,23,25,https://pubs.usgs.gov/periodicals/mcs2026/mcs2026-silver.pdf,"(Data in metric tons, silver content, unless otherwise specified)","Price, bullion, average, dollars per troy ounce"
Silver,primary,"Stocks, yearend",Treasury,5,498,498,498,498,498,https://pubs.usgs.gov/periodicals/mcs2026/mcs2026-silver.pdf,"(Data in metric tons, silver content, unless otherwise specified)","Price, bullion, average, dollars per troy ounce"
Silver,primary,"Stocks, yearend",New York Commodities Exchange—COMEX,,11064,9299,8643,9910,15000,https://pubs.usgs.gov/periodicals/mcs2026/mcs2026-silver.pdf,"(Data in metric tons, silver content, unless otherwise specified)","Price, bullion, average, dollars per troy ounce"
Silver,primary,"Employment, mine and mill, number","Employment, mine and mill, number",6,1265,1304,1422,1485,1300,https://pubs.usgs.gov/periodicals/mcs2026/mcs2026-silver.pdf,"(Data in metric tons, silver content, unless otherwise specified)","Price, bullion, average, dollars per troy ounce"
Silver,primary,Net import reliance as a percentage of apparent consumption,Net import reliance as a percentage of apparent consumption,,76,67,69,68,77,https://pubs.usgs.gov/periodicals/mcs2026/mcs2026-silver.pdf,"(Data in metric tons, silver content, unless otherwise specified)","Price, bullion, average, dollars per troy ounce"
Tantalum,primary,Production,Mine,,0,0,0,0,0,https://pubs.usgs.gov/periodicals/mcs2026/mcs2026-tantalum.pdf,"(Data in metric tons, tantalum content, unless otherwise specified)","Price, tantalite, annual average, dollars per kilogram of tantalum oxide (TaO) content"
Tantalum,primary,Production,Secondary,,NA,NA,NA,NA,NA,https://pubs.usgs.gov/periodicals/mcs2026/mcs2026-tantalum.pdf,"(Data in metric tons, tantalum content, unless otherwise specified)","Price, tantalite, annual average, dollars per kilogram of tantalum oxide (TaO) content"
Tantalum,primary,Imports for consumption,Imports for consumption,1,1330,1720,1110,1070,1300,https://pubs.usgs.gov/periodicals/mcs2026/mcs2026-tantalum.pdf,"(Data in metric tons, tantalum content, unless otherwise specified)","Price, tantalite, annual average, dollars per kilogram of tantalum oxide (TaO) content"
Tantalum,primary,Exports,Exports,1,655,662,672,506,420,https://pubs.usgs.gov/periodicals/mcs2026/mcs2026-tantalum.pdf,"(Data in metric tons, tantalum content, unless otherwise specified)","Price, tantalite, annual average, dollars per kilogram of tantalum oxide (TaO) content"
Tantalum,primary,Shipments from Government stockpile,"NA Consumption, apparent",3,663,1060,440,566,890,https://pubs.usgs.gov/periodicals/mcs2026/mcs2026-tantalum.pdf,"(Data in metric tons, tantalum content, unless otherwise specified)","Price, tantalite, annual average, dollars per kilogram of tantalum oxide (TaO) content"
Tantalum,primary,"Price, tantalite, annual average, dollars per kilogram of tantalum oxide (TaO) content","Price, tantalite, annual average, dollars per kilogram of tantalum oxide (TaO) content",5,158,196,170,167,180,https://pubs.usgs.gov/periodicals/mcs2026/mcs2026-tantalum.pdf,"(Data in metric tons, tantalum content, unless otherwise specified)","Price, tantalite, annual average, dollars per kilogram of tantalum oxide (TaO) content"
Tantalum,primary,Net import reliance as a percentage of apparent consumption,Net import reliance as a percentage of apparent consumption,,100,100,100,100,100,https://pubs.usgs.gov/periodicals/mcs2026/mcs2026-tantalum.pdf,"(Data in metric tons, tantalum content, unless otherwise specified)","Price, tantalite, annual average, dollars per kilogram of tantalum oxide (TaO) content"
Tellurium,primary,"Production, copper telluride","Production, copper telluride",,W,W,W,W,W,https://pubs.usgs.gov/periodicals/mcs2026/mcs2026-tellurium.pdf,"(Data in metric tons, tellurium content, unless otherwise specified)","Price, annual average, dollars per kilogram"
Tellurium,primary,Imports for consumption,Imports for consumption,,42,37,8,6,14,https://pubs.usgs.gov/periodicals/mcs2026/mcs2026-tellurium.pdf,"(Data in metric tons, tellurium content, unless otherwise specified)","Price, annual average, dollars per kilogram"
Tellurium,primary,Exports,Exports,1,2,1,15,3,3,https://pubs.usgs.gov/periodicals/mcs2026/mcs2026-tellurium.pdf,"(Data in metric tons, tellurium content, unless otherwise specified)","Price, annual average, dollars per kilogram"
Tellurium,primary,"Consumption, apparent","Consumption, apparent",2,W,W,W,W,W,https://pubs.usgs.gov/periodicals/mcs2026/mcs2026-tellurium.pdf,"(Data in metric tons, tellurium content, unless otherwise specified)","Price, annual average, dollars per kilogram"
Tellurium,primary,"Price, annual average, dollars per kilogram",United States,3,69.72,70.34,79.09,74.77,120,https://pubs.usgs.gov/periodicals/mcs2026/mcs2026-tellurium.pdf,"(Data in metric tons, tellurium content, unless otherwise specified)","Price, annual average, dollars per kilogram"
Tellurium,primary,"Price, annual average, dollars per kilogram",Europe,4,67.26,68.1,76.74,81.54,150,https://pubs.usgs.gov/periodicals/mcs2026/mcs2026-tellurium.pdf,"(Data in metric tons, tellurium content, unless otherwise specified)","Price, annual average, dollars per kilogram"
Tellurium,primary,"Stocks, producer, yearend","Stocks, producer, yearend",,W,W,W,W,W,https://pubs.usgs.gov/periodicals/mcs2026/mcs2026-tellurium.pdf,"(Data in metric tons, tellurium content, unless otherwise specified)","Price, annual average, dollars per kilogram"
Tellurium,primary,Net import reliance as a percentage of apparent consumption,Net import reliance as a percentage of apparent consumption,,>95,>75,E,<25,>25,https://pubs.usgs.gov/periodicals/mcs2026/mcs2026-tellurium.pdf,"(Data in metric tons, tellurium content, unless otherwise specified)","Price, annual average, dollars per kilogram"
Tin,primary,"Production, secondary",Old scrap,,9430,9420,9430,8550,9000,https://pubs.usgs.gov/periodicals/mcs2026/mcs2026-tin.pdf,,"Price, average, cents per pound"
Tin,primary,"Production, secondary",New scrap,,7600,7900,7900,8000,8000,https://pubs.usgs.gov/periodicals/mcs2026/mcs2026-tin.pdf,,"Price, average, cents per pound"
Tin,primary,Imports for consumption,Refined,,38100,33200,28200,25400,32000,https://pubs.usgs.gov/periodicals/mcs2026/mcs2026-tin.pdf,,"Price, average, cents per pound"
Tin,primary,Imports for consumption,"Tin alloys, gross weight",,1110,735,901,731,1200,https://pubs.usgs.gov/periodicals/mcs2026/mcs2026-tin.pdf,,"Price, average, cents per pound"
Tin,primary,Imports for consumption,"Tin waste and scrap, gross weight",,18600,11600,10700,8210,8100,https://pubs.usgs.gov/periodicals/mcs2026/mcs2026-tin.pdf,,"Price, average, cents per pound"
Tin,primary,Exports,Refined,,1290,1310,918,596,850,https://pubs.usgs.gov/periodicals/mcs2026/mcs2026-tin.pdf,,"Price, average, cents per pound"
Tin,primary,Exports,"Tin alloys, gross weight",,630,531,652,1330,800,https://pubs.usgs.gov/periodicals/mcs2026/mcs2026-tin.pdf,,"Price, average, cents per pound"
Tin,primary,Exports,"Tin waste and scrap, gross weight",,2800,30300,38000,13400,4500,https://pubs.usgs.gov/periodicals/mcs2026/mcs2026-tin.pdf,,"Price, average, cents per pound"
Tin,primary,"Shipments from Government stockpile, gross weight","Shipments from Government stockpile, gross weight",1,437,0,NA,NA,NA,https://pubs.usgs.gov/periodicals/mcs2026/mcs2026-tin.pdf,,"Price, average, cents per pound"
Tin,primary,"Consumption, apparent, refined","Consumption, apparent, refined",2,48000,41200,35000,34600,43000,https://pubs.usgs.gov/periodicals/mcs2026/mcs2026-tin.pdf,,"Price, average, cents per pound"
Tin,primary,"Price, average, cents per pound",New York dealer,,1580,1546,1256,1420,1600,https://pubs.usgs.gov/periodicals/mcs2026/mcs2026-tin.pdf,,"Price, average, cents per pound"
Tin,primary,"Price, average, cents per pound","London Metal Exchange (LME), cash",,1478,1423,1177,1368,1500,https://pubs.usgs.gov/periodicals/mcs2026/mcs2026-tin.pdf,,"Price, average, cents per pound"
Tin,primary,"Stocks, consumer and dealer, yearend","Stocks, consumer and dealer, yearend",,9030,9180,10900,9600,8100,https://pubs.usgs.gov/periodicals/mcs2026/mcs2026-tin.pdf,,"Price, average, cents per pound"
Tin,primary,"Net import reliance as a percentage of apparent consumption, refined tin","Net import reliance as a percentage of apparent consumption, refined tin",,80,77,73,75,77,https://pubs.usgs.gov/periodicals/mcs2026/mcs2026-tin.pdf,,"Price, average, cents per pound"
Titanium,primary,Production,Production,,W,W,W,W,0,https://pubs.usgs.gov/periodicals/mcs2026/mcs2026-titanium.pdf,(Data in metric tons unless otherwise specified),"Price, dollars per kilogram"
Titanium,primary,Imports for consumption,Imports for consumption,,16000,30900,40300,39800,44000,https://pubs.usgs.gov/periodicals/mcs2026/mcs2026-titanium.pdf,(Data in metric tons unless otherwise specified),"Price, dollars per kilogram"
Titanium,primary,Exports,Exports,,117,105,247,70,63,https://pubs.usgs.gov/periodicals/mcs2026/mcs2026-titanium.pdf,(Data in metric tons unless otherwise specified),"Price, dollars per kilogram"
Titanium,primary,"Consumption, apparent","Consumption, apparent",2,15900,30800,40100,39800,44000,https://pubs.usgs.gov/periodicals/mcs2026/mcs2026-titanium.pdf,(Data in metric tons unless otherwise specified),"Price, dollars per kilogram"
Titanium,primary,"Consumption, reported","Consumption, reported",,W,W,W,W,W,https://pubs.usgs.gov/periodicals/mcs2026/mcs2026-titanium.pdf,(Data in metric tons unless otherwise specified),"Price, dollars per kilogram"
Titanium,primary,"Price, dollars per kilogram","Price, dollars per kilogram",4,11.1,11.1,12.3,13.3,12,https://pubs.usgs.gov/periodicals/mcs2026/mcs2026-titanium.pdf,(Data in metric tons unless otherwise specified),"Price, dollars per kilogram"
Titanium,primary,"Stocks, industry, yearend","Stocks, industry, yearend",,W,W,W,W,W,https://pubs.usgs.gov/periodicals/mcs2026/mcs2026-titanium.pdf,(Data in metric tons unless otherwise specified),"Price, dollars per kilogram"
Titanium,primary,"Employment, number","Employment, number",,20,20,20,10,0,https://pubs.usgs.gov/periodicals/mcs2026/mcs2026-titanium.pdf,(Data in metric tons unless otherwise specified),"Price, dollars per kilogram"
Titanium,primary,Net import reliance as a percentage of apparent consumption,Net import reliance as a percentage of apparent consumption,,>95,>95,>95,>95,100,https://pubs.usgs.gov/periodicals/mcs2026/mcs2026-titanium.pdf,(Data in metric tons unless otherwise specified),"Price, dollars per kilogram"
Titanium,primary,Production,Production,,1150000,1150000,910000,940000,1000000,https://pubs.usgs.gov/periodicals/mcs2026/mcs2026-titanium.pdf,(Data in metric tons unless otherwise specified),"Price, dollars per kilogram"
Titanium,primary,Imports for consumption,Imports for consumption,,251000,265000,228000,236000,230000,https://pubs.usgs.gov/periodicals/mcs2026/mcs2026-titanium.pdf,(Data in metric tons unless otherwise specified),"Price, dollars per kilogram"
Titanium,primary,Exports,Exports,,494000,378000,288000,358000,330000,https://pubs.usgs.gov/periodicals/mcs2026/mcs2026-titanium.pdf,(Data in metric tons unless otherwise specified),"Price, dollars per kilogram"
Titanium,primary,"Consumption, apparent","Consumption, apparent",2,907000,1040000,850000,818000,900000,https://pubs.usgs.gov/periodicals/mcs2026/mcs2026-titanium.pdf,(Data in metric tons unless otherwise specified),"Price, dollars per kilogram"
Titanium,primary,"Price, dollars per metric ton","Price, dollars per metric ton",4,2920,3450,3240,3170,3200,https://pubs.usgs.gov/periodicals/mcs2026/mcs2026-titanium.pdf,(Data in metric tons unless otherwise specified),"Price, dollars per kilogram"
Titanium,primary,"Employment, number","Employment, number",,3200,3200,3200,3200,3000,https://pubs.usgs.gov/periodicals/mcs2026/mcs2026-titanium.pdf,(Data in metric tons unless otherwise specified),"Price, dollars per kilogram"
Titanium,primary,Net import reliance as a percentage of apparent consumption,Net import reliance as a percentage of apparent consumption,,E,E,E,E,E,https://pubs.usgs.gov/periodicals/mcs2026/mcs2026-titanium.pdf,(Data in metric tons unless otherwise specified),"Price, dollars per kilogram"
Tungsten,primary,Production,Mine,,0,0,0,0,0,https://pubs.usgs.gov/periodicals/mcs2026/mcs2026-tungsten.pdf,"(Data in metric tons, tungsten content, unless otherwise specified)","Price, concentrate, average in-warehouse Rotterdam, dollars per dry metric ton unit of tungsten trioxide"
Tungsten,primary,Production,Secondary,,W,W,W,W,W,https://pubs.usgs.gov/periodicals/mcs2026/mcs2026-tungsten.pdf,"(Data in metric tons, tungsten content, unless otherwise specified)","Price, concentrate, average in-warehouse Rotterdam, dollars per dry metric ton unit of tungsten trioxide"
Tungsten,primary,Imports for consumption,Ores and concentrates,,1600,2130,1640,1550,1700,https://pubs.usgs.gov/periodicals/mcs2026/mcs2026-tungsten.pdf,"(Data in metric tons, tungsten content, unless otherwise specified)","Price, concentrate, average in-warehouse Rotterdam, dollars per dry metric ton unit of tungsten trioxide"
Tungsten,primary,Imports for consumption,Other forms,1,10500,12200,10000,8730,10000,https://pubs.usgs.gov/periodicals/mcs2026/mcs2026-tungsten.pdf,"(Data in metric tons, tungsten content, unless otherwise specified)","Price, concentrate, average in-warehouse Rotterdam, dollars per dry metric ton unit of tungsten trioxide"
Tungsten,primary,Exports,Ores and concentrates,,441,614,1510,1410,1400,https://pubs.usgs.gov/periodicals/mcs2026/mcs2026-tungsten.pdf,"(Data in metric tons, tungsten content, unless otherwise specified)","Price, concentrate, average in-warehouse Rotterdam, dollars per dry metric ton unit of tungsten trioxide"
Tungsten,primary,Exports,Other forms,2,2970,3680,3180,3480,3300,https://pubs.usgs.gov/periodicals/mcs2026/mcs2026-tungsten.pdf,"(Data in metric tons, tungsten content, unless otherwise specified)","Price, concentrate, average in-warehouse Rotterdam, dollars per dry metric ton unit of tungsten trioxide"
Tungsten,primary,Shipments from Government stockpile,Concentrate,,1030,689,NA,NA,NA,https://pubs.usgs.gov/periodicals/mcs2026/mcs2026-tungsten.pdf,"(Data in metric tons, tungsten content, unless otherwise specified)","Price, concentrate, average in-warehouse Rotterdam, dollars per dry metric ton unit of tungsten trioxide"
Tungsten,primary,Shipments from Government stockpile,Other forms,,93,0,NA,NA,NA,https://pubs.usgs.gov/periodicals/mcs2026/mcs2026-tungsten.pdf,"(Data in metric tons, tungsten content, unless otherwise specified)","Price, concentrate, average in-warehouse Rotterdam, dollars per dry metric ton unit of tungsten trioxide"
Tungsten,primary,Consumption,"Reported, concentrate",,W,W,W,W,W,https://pubs.usgs.gov/periodicals/mcs2026/mcs2026-tungsten.pdf,"(Data in metric tons, tungsten content, unless otherwise specified)","Price, concentrate, average in-warehouse Rotterdam, dollars per dry metric ton unit of tungsten trioxide"
Tungsten,primary,Consumption,"Apparent, all forms",,W,W,W,W,W,https://pubs.usgs.gov/periodicals/mcs2026/mcs2026-tungsten.pdf,"(Data in metric tons, tungsten content, unless otherwise specified)","Price, concentrate, average in-warehouse Rotterdam, dollars per dry metric ton unit of tungsten trioxide"
Tungsten,primary,"Price, concentrate, average in-warehouse Rotterdam, dollars per dry metric ton unit of tungsten trioxide","Price, concentrate, average in-warehouse Rotterdam, dollars per dry metric ton unit of tungsten trioxide",6,225,275,258,252,380,https://pubs.usgs.gov/periodicals/mcs2026/mcs2026-tungsten.pdf,"(Data in metric tons, tungsten content, unless otherwise specified)","Price, concentrate, average in-warehouse Rotterdam, dollars per dry metric ton unit of tungsten trioxide"
Tungsten,primary,"Stocks, industry, concentrate and other forms, yearend","Stocks, industry, concentrate and other forms, yearend",,W,W,W,W,W,https://pubs.usgs.gov/periodicals/mcs2026/mcs2026-tungsten.pdf,"(Data in metric tons, tungsten content, unless otherwise specified)","Price, concentrate, average in-warehouse Rotterdam, dollars per dry metric ton unit of tungsten trioxide"
Tungsten,primary,Net import reliance as a percentage of apparent consumption,Net import reliance as a percentage of apparent consumption,,>50,>50,>50,>50,>50,https://pubs.usgs.gov/periodicals/mcs2026/mcs2026-tungsten.pdf,"(Data in metric tons, tungsten content, unless otherwise specified)","Price, concentrate, average in-warehouse Rotterdam, dollars per dry metric ton unit of tungsten trioxide"
Vanadium,primary,Production from primary ore and concentrate,Production from primary ore and concentrate,,0,0,0,0,0,https://pubs.usgs.gov/periodicals/mcs2026/mcs2026-vanadium.pdf,"(Data in metric tons, vanadium content, unless otherwise specified)","Price, average, vanadium pentoxide, dollars per pound"
Vanadium,primary,"Production from ash, residues, and spent catalysts","Production from ash, residues, and spent catalysts",,3200,4400,6500,6800,7500,https://pubs.usgs.gov/periodicals/mcs2026/mcs2026-vanadium.pdf,"(Data in metric tons, vanadium content, unless otherwise specified)","Price, average, vanadium pentoxide, dollars per pound"
Vanadium,primary,Imports for consumption,Aluminum-vanadium master alloy,,35,104,221,67,10,https://pubs.usgs.gov/periodicals/mcs2026/mcs2026-vanadium.pdf,"(Data in metric tons, vanadium content, unless otherwise specified)","Price, average, vanadium pentoxide, dollars per pound"
Vanadium,primary,Imports for consumption,Ash and residues,,1680,2240,3140,2180,1200,https://pubs.usgs.gov/periodicals/mcs2026/mcs2026-vanadium.pdf,"(Data in metric tons, vanadium content, unless otherwise specified)","Price, average, vanadium pentoxide, dollars per pound"
Vanadium,primary,Imports for consumption,Ferrovanadium,,2170,2650,2330,1820,2200,https://pubs.usgs.gov/periodicals/mcs2026/mcs2026-vanadium.pdf,"(Data in metric tons, vanadium content, unless otherwise specified)","Price, average, vanadium pentoxide, dollars per pound"
Vanadium,primary,Imports for consumption,"Oxides and hydroxides, other",,69,222,151,139,460,https://pubs.usgs.gov/periodicals/mcs2026/mcs2026-vanadium.pdf,"(Data in metric tons, vanadium content, unless otherwise specified)","Price, average, vanadium pentoxide, dollars per pound"
Vanadium,primary,Imports for consumption,Vanadium chemicals,3,846,722,430,528,560,https://pubs.usgs.gov/periodicals/mcs2026/mcs2026-vanadium.pdf,"(Data in metric tons, vanadium content, unless otherwise specified)","Price, average, vanadium pentoxide, dollars per pound"
Vanadium,primary,Imports for consumption,Vanadium metal,4,1,28,20,9,30,https://pubs.usgs.gov/periodicals/mcs2026/mcs2026-vanadium.pdf,"(Data in metric tons, vanadium content, unless otherwise specified)","Price, average, vanadium pentoxide, dollars per pound"
Vanadium,primary,Imports for consumption,Vanadium ores and concentrates,1,4,492,674,395,90,https://pubs.usgs.gov/periodicals/mcs2026/mcs2026-vanadium.pdf,"(Data in metric tons, vanadium content, unless otherwise specified)","Price, average, vanadium pentoxide, dollars per pound"
Vanadium,primary,Imports for consumption,Vanadium pentoxide,,1710,1980,2320,2360,1800,https://pubs.usgs.gov/periodicals/mcs2026/mcs2026-vanadium.pdf,"(Data in metric tons, vanadium content, unless otherwise specified)","Price, average, vanadium pentoxide, dollars per pound"
Vanadium,primary,Exports,Aluminum-vanadium master alloy,,72,28,36,83,22,https://pubs.usgs.gov/periodicals/mcs2026/mcs2026-vanadium.pdf,"(Data in metric tons, vanadium content, unless otherwise specified)","Price, average, vanadium pentoxide, dollars per pound"
Vanadium,primary,Exports,Ash and residues,1,930,1130,905,955,580,https://pubs.usgs.gov/periodicals/mcs2026/mcs2026-vanadium.pdf,"(Data in metric tons, vanadium content, unless otherwise specified)","Price, average, vanadium pentoxide, dollars per pound"
Vanadium,primary,Exports,Ferrovanadium,,173,154,159,68,10,https://pubs.usgs.gov/periodicals/mcs2026/mcs2026-vanadium.pdf,"(Data in metric tons, vanadium content, unless otherwise specified)","Price, average, vanadium pentoxide, dollars per pound"
Vanadium,primary,Exports,"Oxides and hydroxides, other",,235,309,142,404,380,https://pubs.usgs.gov/periodicals/mcs2026/mcs2026-vanadium.pdf,"(Data in metric tons, vanadium content, unless otherwise specified)","Price, average, vanadium pentoxide, dollars per pound"
Vanadium,primary,Exports,Vanadium metal,4,4,8,38,3,2,https://pubs.usgs.gov/periodicals/mcs2026/mcs2026-vanadium.pdf,"(Data in metric tons, vanadium content, unless otherwise specified)","Price, average, vanadium pentoxide, dollars per pound"
Vanadium,primary,Exports,Vanadium ores and concentrates,1,81,185,160,17,20,https://pubs.usgs.gov/periodicals/mcs2026/mcs2026-vanadium.pdf,"(Data in metric tons, vanadium content, unless otherwise specified)","Price, average, vanadium pentoxide, dollars per pound"
Vanadium,primary,Exports,Vanadium pentoxide,,17,143,28,93,140,https://pubs.usgs.gov/periodicals/mcs2026/mcs2026-vanadium.pdf,"(Data in metric tons, vanadium content, unless otherwise specified)","Price, average, vanadium pentoxide, dollars per pound"
Vanadium,primary,Consumption,Apparent,5,8200,10900,14300,12700,13000,https://pubs.usgs.gov/periodicals/mcs2026/mcs2026-vanadium.pdf,"(Data in metric tons, vanadium content, unless otherwise specified)","Price, average, vanadium pentoxide, dollars per pound"
Vanadium,primary,Consumption,Reported,,8030,7510,8000,8500,9000,https://pubs.usgs.gov/periodicals/mcs2026/mcs2026-vanadium.pdf,"(Data in metric tons, vanadium content, unless otherwise specified)","Price, average, vanadium pentoxide, dollars per pound"
Vanadium,primary,"Price, average, vanadium pentoxide, dollars per pound","Price, average, vanadium pentoxide, dollars per pound",,8.17,9.29,7.5,5.44,5.02,https://pubs.usgs.gov/periodicals/mcs2026/mcs2026-vanadium.pdf,"(Data in metric tons, vanadium content, unless otherwise specified)","Price, average, vanadium pentoxide, dollars per pound"
Vanadium,primary,"Stocks, yearend","Stocks, yearend",7,271,248,232,230,240,https://pubs.usgs.gov/periodicals/mcs2026/mcs2026-vanadium.pdf,"(Data in metric tons, vanadium content, unless otherwise specified)","Price, average, vanadium pentoxide, dollars per pound"
Vanadium,primary,Net import reliance as a percentage of apparent consumption,Net import reliance as a percentage of apparent consumption,,61,60,55,46,41,https://pubs.usgs.gov/periodicals/mcs2026/mcs2026-vanadium.pdf,"(Data in metric tons, vanadium content, unless otherwise specified)","Price, average, vanadium pentoxide, dollars per pound"
Zinc,primary,Production,"Mine, zinc in concentrates",,704,766,766,759,670,https://pubs.usgs.gov/periodicals/mcs2026/mcs2026-zinc.pdf,"(Data in thousand metric tons, zinc content, unless otherwise specified)","Price, average, cents per pound"
Zinc,primary,Production,Refined zinc,,220,220,220,220,220,https://pubs.usgs.gov/periodicals/mcs2026/mcs2026-zinc.pdf,"(Data in thousand metric tons, zinc content, unless otherwise specified)","Price, average, cents per pound"
Zinc,primary,Imports for consumption,Ores and concentrates,,13,5,18,18,20,https://pubs.usgs.gov/periodicals/mcs2026/mcs2026-zinc.pdf,"(Data in thousand metric tons, zinc content, unless otherwise specified)","Price, average, cents per pound"
Zinc,primary,Imports for consumption,Refined zinc,,701,762,705,590,600,https://pubs.usgs.gov/periodicals/mcs2026/mcs2026-zinc.pdf,"(Data in thousand metric tons, zinc content, unless otherwise specified)","Price, average, cents per pound"
Zinc,primary,Exports,Ores and concentrates,,644,644,641,660,630,https://pubs.usgs.gov/periodicals/mcs2026/mcs2026-zinc.pdf,"(Data in thousand metric tons, zinc content, unless otherwise specified)","Price, average, cents per pound"
Zinc,primary,Exports,Refined zinc,,13,8,3,2,2,https://pubs.usgs.gov/periodicals/mcs2026/mcs2026-zinc.pdf,"(Data in thousand metric tons, zinc content, unless otherwise specified)","Price, average, cents per pound"
Zinc,primary,Shipments from Government stockpile,Shipments from Government stockpile,2,0,1,NA,NA,NA,https://pubs.usgs.gov/periodicals/mcs2026/mcs2026-zinc.pdf,"(Data in thousand metric tons, zinc content, unless otherwise specified)","Price, average, cents per pound"
Zinc,primary,"Consumption, apparent, refined zinc","Consumption, apparent, refined zinc",3,908,974,921,808,820,https://pubs.usgs.gov/periodicals/mcs2026/mcs2026-zinc.pdf,"(Data in thousand metric tons, zinc content, unless otherwise specified)","Price, average, cents per pound"
Zinc,primary,"Price, average, cents per pound",North American,4,145.8,190.2,151.3,144.2,149,https://pubs.usgs.gov/periodicals/mcs2026/mcs2026-zinc.pdf,"(Data in thousand metric tons, zinc content, unless otherwise specified)","Price, average, cents per pound"
Zinc,primary,"Price, average, cents per pound","London Metal Exchange (LME), cash",,136.3,158.1,120.1,126,130,https://pubs.usgs.gov/periodicals/mcs2026/mcs2026-zinc.pdf,"(Data in thousand metric tons, zinc content, unless otherwise specified)","Price, average, cents per pound"
Zinc,primary,"Stocks, reported producer and consumer, refined zinc, yearend","Stocks, reported producer and consumer, refined zinc, yearend",,114,133,105,110,110,https://pubs.usgs.gov/periodicals/mcs2026/mcs2026-zinc.pdf,"(Data in thousand metric tons, zinc content, unless otherwise specified)","Price, average, cents per pound"
Zinc,primary,"Employment, number",Mine and mill,5,2480,2500,2630,2510,2600,https://pubs.usgs.gov/periodicals/mcs2026/mcs2026-zinc.pdf,"(Data in thousand metric tons, zinc content, unless otherwise specified)","Price, average, cents per pound"
Zinc,primary,"Employment, number","Smelter, primary",,220,220,340,340,340,https://pubs.usgs.gov/periodicals/mcs2026/mcs2026-zinc.pdf,"(Data in thousand metric tons, zinc content, unless otherwise specified)","Price, average, cents per pound"
Zinc,primary,Net import reliance as a percentage of apparent consumption,Ores and concentrates,,E,E,E,E,E,https://pubs.usgs.gov/periodicals/mcs2026/mcs2026-zinc.pdf,"(Data in thousand metric tons, zinc content, unless otherwise specified)","Price, average, cents per pound"
Zinc,primary,Net import reliance as a percentage of apparent consumption,Refined zinc,,76,77,76,73,73,https://pubs.usgs.gov/periodicals/mcs2026/mcs2026-zinc.pdf,"(Data in thousand metric tons, zinc content, unless otherwise specified)","Price, average, cents per pound"
Zirconium and hafnium (grouped),primary,"Production, zirconium ores and concentrates [zirconium oxide (ZrO) content]","Production, zirconium ores and concentrates [zirconium oxide (ZrO) content]",,"<100,000","<100,000","<100,000","<100,000","<100,000",https://pubs.usgs.gov/periodicals/mcs2026/mcs2026-zirconium-hafnium.pdf,(Data in metric tons unless otherwise specified),Price
Zirconium and hafnium (grouped),primary,Imports,Zirconium ores and concentrates (ZrO content),1,18500,31900,20400,18900,16000,https://pubs.usgs.gov/periodicals/mcs2026/mcs2026-zirconium-hafnium.pdf,(Data in metric tons unless otherwise specified),Price
Zirconium and hafnium (grouped),primary,Imports,"Zirconium, compounds",,0,0,0,0,1300,https://pubs.usgs.gov/periodicals/mcs2026/mcs2026-zirconium-hafnium.pdf,(Data in metric tons unless otherwise specified),Price
Zirconium and hafnium (grouped),primary,Imports,"Zirconium, unwrought, powder, and waste and scrap",,746,346,451,493,530,https://pubs.usgs.gov/periodicals/mcs2026/mcs2026-zirconium-hafnium.pdf,(Data in metric tons unless otherwise specified),Price
Zirconium and hafnium (grouped),primary,Imports,"Zirconium, wrought",,264,288,312,372,380,https://pubs.usgs.gov/periodicals/mcs2026/mcs2026-zirconium-hafnium.pdf,(Data in metric tons unless otherwise specified),Price
Zirconium and hafnium (grouped),primary,Imports,"Hafnium, unwrought",,23,43,72,64,72,https://pubs.usgs.gov/periodicals/mcs2026/mcs2026-zirconium-hafnium.pdf,(Data in metric tons unless otherwise specified),Price
Zirconium and hafnium (grouped),primary,Imports,"Hafnium, wrought",,NA,2,6,13,12,https://pubs.usgs.gov/periodicals/mcs2026/mcs2026-zirconium-hafnium.pdf,(Data in metric tons unless otherwise specified),Price
Zirconium and hafnium (grouped),primary,Exports,Zirconium ores and concentrates (ZrO content),,10000,11200,13200,15400,10000,https://pubs.usgs.gov/periodicals/mcs2026/mcs2026-zirconium-hafnium.pdf,(Data in metric tons unless otherwise specified),Price
Zirconium and hafnium (grouped),primary,Exports,"Zirconium, unwrought, powder, and waste and scrap",,589,1090,1080,1180,1300,https://pubs.usgs.gov/periodicals/mcs2026/mcs2026-zirconium-hafnium.pdf,(Data in metric tons unless otherwise specified),Price
Zirconium and hafnium (grouped),primary,Exports,"Zirconium, wrought",,966,821,706,808,1000,https://pubs.usgs.gov/periodicals/mcs2026/mcs2026-zirconium-hafnium.pdf,(Data in metric tons unless otherwise specified),Price
Zirconium and hafnium (grouped),primary,Exports,"Hafnium, unwrought",,0,15,58,12,15,https://pubs.usgs.gov/periodicals/mcs2026/mcs2026-zirconium-hafnium.pdf,(Data in metric tons unless otherwise specified),Price
Zirconium and hafnium (grouped),primary,Exports,"Hafnium, wrought",,NA,3,3,5,7,https://pubs.usgs.gov/periodicals/mcs2026/mcs2026-zirconium-hafnium.pdf,(Data in metric tons unless otherwise specified),Price
Zirconium and hafnium (grouped),primary,"Consumption, apparent, zirconium ores and concentrates (ZrO content)","Consumption, apparent, zirconium ores and concentrates (ZrO content)",1,"<100,000","<100,000","<100,000","<100,000","<100,000",https://pubs.usgs.gov/periodicals/mcs2026/mcs2026-zirconium-hafnium.pdf,(Data in metric tons unless otherwise specified),Price
Zirconium and hafnium (grouped),primary,Price,"Premium grade, cost, insurance, and freight, China",4,1530,2300,2160,2000,1800,https://pubs.usgs.gov/periodicals/mcs2026/mcs2026-zirconium-hafnium.pdf,(Data in metric tons unless otherwise specified),Price
Zirconium and hafnium (grouped),primary,Price,Imported,5,1450,2130,1980,2080,1900,https://pubs.usgs.gov/periodicals/mcs2026/mcs2026-zirconium-hafnium.pdf,(Data in metric tons unless otherwise specified),Price
Zirconium and hafnium (grouped),primary,Price,"Zirconium, sponge, ex-works China, dollars per kilogram",,25,30,28,24,22,https://pubs.usgs.gov/periodicals/mcs2026/mcs2026-zirconium-hafnium.pdf,(Data in metric tons unless otherwise specified),Price
Zirconium and hafnium (grouped),primary,Price,"Hafnium, unwrought, dollars per kilogram",,781,1590,6130,4560,3800,https://pubs.usgs.gov/periodicals/mcs2026/mcs2026-zirconium-hafnium.pdf,(Data in metric tons unless otherwise specified),Price
Zirconium and hafnium (grouped),primary,consumption,Zirconium ores and concentrates,,<25,<50,<25,<25,<25,https://pubs.usgs.gov/periodicals/mcs2026/mcs2026-zirconium-hafnium.pdf,(Data in metric tons unless otherwise specified),Price
Zirconium and hafnium (grouped),primary,consumption,Hafnium,,NA,NA,NA,NA,NA,https://pubs.usgs.gov/periodicals/mcs2026/mcs2026-zirconium-hafnium.pdf,(Data in metric tons unless otherwise specified),Price
Diamond powders,sub_product,Production,Manufactured diamond,,132,150,152,159,160,https://pubs.usgs.gov/periodicals/mcs2026/mcs2026-diamond.pdf,(Data in million carats unless otherwise specified),"Price, unit value of imports, dollars per carat"
Diamond powders,sub_product,Production,Secondary,,1.2,14.4,14,14.9,15,https://pubs.usgs.gov/periodicals/mcs2026/mcs2026-diamond.pdf,(Data in million carats unless otherwise specified),"Price, unit value of imports, dollars per carat"
Diamond powders,sub_product,Imports for consumption,Imports for consumption,,261,303,264,238,170,https://pubs.usgs.gov/periodicals/mcs2026/mcs2026-diamond.pdf,(Data in million carats unless otherwise specified),"Price, unit value of imports, dollars per carat"
Diamond powders,sub_product,Exports,Exports,,99.1,94,74,73.3,72,https://pubs.usgs.gov/periodicals/mcs2026/mcs2026-diamond.pdf,(Data in million carats unless otherwise specified),"Price, unit value of imports, dollars per carat"
Diamond powders,sub_product,"Consumption, apparent","Consumption, apparent",2,294,374,356,334,270,https://pubs.usgs.gov/periodicals/mcs2026/mcs2026-diamond.pdf,(Data in million carats unless otherwise specified),"Price, unit value of imports, dollars per carat"
Diamond powders,sub_product,"Price, unit value of imports, dollars per carat","Price, unit value of imports, dollars per carat",,0.18,0.19,0.16,0.19,0.21,https://pubs.usgs.gov/periodicals/mcs2026/mcs2026-diamond.pdf,(Data in million carats unless otherwise specified),"Price, unit value of imports, dollars per carat"
Diamond powders,sub_product,Net import reliance as a percentage of apparent consumption,Net import reliance as a percentage of apparent consumption,,55,56,53,49,35,https://pubs.usgs.gov/periodicals/mcs2026/mcs2026-diamond.pdf,(Data in million carats unless otherwise specified),"Price, unit value of imports, dollars per carat"
Diamond powders,sub_product,Production,Manufactured diamond,,0,0,0,0,0,https://pubs.usgs.gov/periodicals/mcs2026/mcs2026-diamond.pdf,(Data in million carats unless otherwise specified),"Price, unit value of imports, dollars per carat"
Diamond powders,sub_product,Production,Secondary,,0.08,0.08,0.08,0.08,0.08,https://pubs.usgs.gov/periodicals/mcs2026/mcs2026-diamond.pdf,(Data in million carats unless otherwise specified),"Price, unit value of imports, dollars per carat"
Diamond powders,sub_product,Imports for consumption,Imports for consumption,,0.33,0.79,0.38,0.39,0.35,https://pubs.usgs.gov/periodicals/mcs2026/mcs2026-diamond.pdf,(Data in million carats unless otherwise specified),"Price, unit value of imports, dollars per carat"
Diamond powders,sub_product,Exports,"() Consumption, apparent",2,0.41,0.86,0.45,0.46,0.43,https://pubs.usgs.gov/periodicals/mcs2026/mcs2026-diamond.pdf,(Data in million carats unless otherwise specified),"Price, unit value of imports, dollars per carat"
Diamond powders,sub_product,"Price, unit value of imports, dollars per carat","Price, unit value of imports, dollars per carat",,13,8.4,14.2,11.3,6.7,https://pubs.usgs.gov/periodicals/mcs2026/mcs2026-diamond.pdf,(Data in million carats unless otherwise specified),"Price, unit value of imports, dollars per carat"
Diamond powders,sub_product,Net import reliance as a percentage of apparent consumption,Net import reliance as a percentage of apparent consumption,,80,91,83,84,81,https://pubs.usgs.gov/periodicals/mcs2026/mcs2026-diamond.pdf,(Data in million carats unless otherwise specified),"Price, unit value of imports, dollars per carat"
Gallium nitride (GaN),sub_product,"Production, primary","Production, primary",,0,0,0,0,0,https://pubs.usgs.gov/periodicals/mcs2026/mcs2026-gallium.pdf,"(Data in kilograms, gallium content, unless otherwise specified)","Price, average unit value of imports, dollars per kilogram"
Gallium nitride (GaN),sub_product,Imports for consumption,Metal,,8890,11400,11400,11000,25000,https://pubs.usgs.gov/periodicals/mcs2026/mcs2026-gallium.pdf,"(Data in kilograms, gallium content, unless otherwise specified)","Price, average unit value of imports, dollars per kilogram"
Gallium nitride (GaN),sub_product,Imports for consumption,Gallium arsenide wafers (gross weight),,306000,424000,163000,152000,110000,https://pubs.usgs.gov/periodicals/mcs2026/mcs2026-gallium.pdf,"(Data in kilograms, gallium content, unless otherwise specified)","Price, average unit value of imports, dollars per kilogram"
Gallium nitride (GaN),sub_product,Exports,Exports,,NA,NA,NA,NA,NA,https://pubs.usgs.gov/periodicals/mcs2026/mcs2026-gallium.pdf,"(Data in kilograms, gallium content, unless otherwise specified)","Price, average unit value of imports, dollars per kilogram"
Gallium nitride (GaN),sub_product,"Consumption, reported","Consumption, reported",1,17100,19700,17800,18700,19000,https://pubs.usgs.gov/periodicals/mcs2026/mcs2026-gallium.pdf,"(Data in kilograms, gallium content, unless otherwise specified)","Price, average unit value of imports, dollars per kilogram"
Gallium nitride (GaN),sub_product,"Price, average unit value of imports, dollars per kilogram","Price, average unit value of imports, dollars per kilogram",2,277,432,365,439,580,https://pubs.usgs.gov/periodicals/mcs2026/mcs2026-gallium.pdf,"(Data in kilograms, gallium content, unless otherwise specified)","Price, average unit value of imports, dollars per kilogram"
Gallium nitride (GaN),sub_product,"Stocks, consumer, yearend","Stocks, consumer, yearend",1,2810,2780,3340,3410,3400,https://pubs.usgs.gov/periodicals/mcs2026/mcs2026-gallium.pdf,"(Data in kilograms, gallium content, unless otherwise specified)","Price, average unit value of imports, dollars per kilogram"
Gallium nitride (GaN),sub_product,Net import reliance as a percentage of reported consumption,Net import reliance as a percentage of reported consumption,,100,100,100,100,100,https://pubs.usgs.gov/periodicals/mcs2026/mcs2026-gallium.pdf,"(Data in kilograms, gallium content, unless otherwise specified)","Price, average unit value of imports, dollars per kilogram"
Graphite anodes,sub_product,"Production, mine","Production, mine",,0,0,0,0,0,https://pubs.usgs.gov/periodicals/mcs2026/mcs2026-graphite.pdf,(Data in metric tons unless otherwise specified),"Price, average unit value of imports, dollars per metric ton at"
Graphite anodes,sub_product,Imports for consumption,Imports for consumption,,53000,89200,73500,73900,79000,https://pubs.usgs.gov/periodicals/mcs2026/mcs2026-graphite.pdf,(Data in metric tons unless otherwise specified),"Price, average unit value of imports, dollars per metric ton at"
Graphite anodes,sub_product,Exports,Exports,,8660,9500,7780,8740,8400,https://pubs.usgs.gov/periodicals/mcs2026/mcs2026-graphite.pdf,(Data in metric tons unless otherwise specified),"Price, average unit value of imports, dollars per metric ton at"
Graphite anodes,sub_product,"Consumption, apparent","Consumption, apparent",1,44300,79700,65700,65200,71000,https://pubs.usgs.gov/periodicals/mcs2026/mcs2026-graphite.pdf,(Data in metric tons unless otherwise specified),"Price, average unit value of imports, dollars per metric ton at"
Graphite anodes,sub_product,"Price, average unit value of imports, dollars per metric ton at",Flake,,1330,1200,1080,1050,1000,https://pubs.usgs.gov/periodicals/mcs2026/mcs2026-graphite.pdf,(Data in metric tons unless otherwise specified),"Price, average unit value of imports, dollars per metric ton at"
Graphite anodes,sub_product,"Price, average unit value of imports, dollars per metric ton at",Lump and chip (Sri Lanka),,2010,2590,2380,2810,2600,https://pubs.usgs.gov/periodicals/mcs2026/mcs2026-graphite.pdf,(Data in metric tons unless otherwise specified),"Price, average unit value of imports, dollars per metric ton at"
Graphite anodes,sub_product,"Price, average unit value of imports, dollars per metric ton at",Amorphous,,629,563,607,535,470,https://pubs.usgs.gov/periodicals/mcs2026/mcs2026-graphite.pdf,(Data in metric tons unless otherwise specified),"Price, average unit value of imports, dollars per metric ton at"
Graphite anodes,sub_product,Net import reliance as a percentage of apparent consumption,Net import reliance as a percentage of apparent consumption,,100,100,100,100,100,https://pubs.usgs.gov/periodicals/mcs2026/mcs2026-graphite.pdf,(Data in metric tons unless otherwise specified),"Price, average unit value of imports, dollars per metric ton at"
Lithium batteries,sub_product,Production,Production,,W,W,W,W,W,https://pubs.usgs.gov/periodicals/mcs2026/mcs2026-lithium.pdf,"(Data in metric tons, lithium content, unless otherwise specified)","Price, annual average-real, battery-grade lithium carbonate, dollars per metric ton"
Lithium batteries,sub_product,Imports for consumption,Imports for consumption,,2640,3260,3390,3020,3800,https://pubs.usgs.gov/periodicals/mcs2026/mcs2026-lithium.pdf,"(Data in metric tons, lithium content, unless otherwise specified)","Price, annual average-real, battery-grade lithium carbonate, dollars per metric ton"
Lithium batteries,sub_product,Exports,Exports,,1870,2440,1960,1690,2000,https://pubs.usgs.gov/periodicals/mcs2026/mcs2026-lithium.pdf,"(Data in metric tons, lithium content, unless otherwise specified)","Price, annual average-real, battery-grade lithium carbonate, dollars per metric ton"
Lithium batteries,sub_product,"Consumption, apparent","Consumption, apparent",1,W,W,W,W,W,https://pubs.usgs.gov/periodicals/mcs2026/mcs2026-lithium.pdf,"(Data in metric tons, lithium content, unless otherwise specified)","Price, annual average-real, battery-grade lithium carbonate, dollars per metric ton"
Lithium batteries,sub_product,"Price, annual average-real, battery-grade lithium carbonate, dollars per metric ton","Price, annual average-real, battery-grade lithium carbonate, dollars per metric ton",2,11700,63700,39000,11800,9000,https://pubs.usgs.gov/periodicals/mcs2026/mcs2026-lithium.pdf,"(Data in metric tons, lithium content, unless otherwise specified)","Price, annual average-real, battery-grade lithium carbonate, dollars per metric ton"
Lithium batteries,sub_product,"Employment, mine and mill, number","Employment, mine and mill, number",,70,70,70,70,70,https://pubs.usgs.gov/periodicals/mcs2026/mcs2026-lithium.pdf,"(Data in metric tons, lithium content, unless otherwise specified)","Price, annual average-real, battery-grade lithium carbonate, dollars per metric ton"
Lithium batteries,sub_product,Net import reliance as a percentage of apparent consumption,Net import reliance as a percentage of apparent consumption,,>25,>25,>50,>50,>50,https://pubs.usgs.gov/periodicals/mcs2026/mcs2026-lithium.pdf,"(Data in metric tons, lithium content, unless otherwise specified)","Price, annual average-real, battery-grade lithium carbonate, dollars per metric ton"
Silicon carbide,sub_product,Production,"Fused aluminum oxide, crude",,10000,20000,25000,25000,20000,https://pubs.usgs.gov/periodicals/mcs2026/mcs2026-abrasives.pdf,"(Fused aluminum oxide, silicon carbide, and metallic abrasives)","Price, average unit value of imports, dollars per metric ton"
Silicon carbide,sub_product,Production,Silicon carbide,2,35000,40000,45000,40000,30000,https://pubs.usgs.gov/periodicals/mcs2026/mcs2026-abrasives.pdf,"(Fused aluminum oxide, silicon carbide, and metallic abrasives)","Price, average unit value of imports, dollars per metric ton"
Silicon carbide,sub_product,Production,Metallic abrasives,,176000,180000,198000,193000,160000,https://pubs.usgs.gov/periodicals/mcs2026/mcs2026-abrasives.pdf,"(Fused aluminum oxide, silicon carbide, and metallic abrasives)","Price, average unit value of imports, dollars per metric ton"
Silicon carbide,sub_product,Production,"Shipments, metallic abrasives",,193000,199000,227000,223000,180000,https://pubs.usgs.gov/periodicals/mcs2026/mcs2026-abrasives.pdf,"(Fused aluminum oxide, silicon carbide, and metallic abrasives)","Price, average unit value of imports, dollars per metric ton"
Silicon carbide,sub_product,Imports for consumption,Fused aluminum oxide,,159000,225000,120000,161000,150000,https://pubs.usgs.gov/periodicals/mcs2026/mcs2026-abrasives.pdf,"(Fused aluminum oxide, silicon carbide, and metallic abrasives)","Price, average unit value of imports, dollars per metric ton"
Silicon carbide,sub_product,Imports for consumption,Silicon carbide,,125000,165000,114000,113000,95000,https://pubs.usgs.gov/periodicals/mcs2026/mcs2026-abrasives.pdf,"(Fused aluminum oxide, silicon carbide, and metallic abrasives)","Price, average unit value of imports, dollars per metric ton"
Silicon carbide,sub_product,Imports for consumption,Metallic abrasives,,26400,20100,17800,16900,16000,https://pubs.usgs.gov/periodicals/mcs2026/mcs2026-abrasives.pdf,"(Fused aluminum oxide, silicon carbide, and metallic abrasives)","Price, average unit value of imports, dollars per metric ton"
Silicon carbide,sub_product,Exports,Fused aluminum oxide,,13500,14400,9570,9190,8000,https://pubs.usgs.gov/periodicals/mcs2026/mcs2026-abrasives.pdf,"(Fused aluminum oxide, silicon carbide, and metallic abrasives)","Price, average unit value of imports, dollars per metric ton"
Silicon carbide,sub_product,Exports,Silicon carbide,,12000,12000,10100,9680,8600,https://pubs.usgs.gov/periodicals/mcs2026/mcs2026-abrasives.pdf,"(Fused aluminum oxide, silicon carbide, and metallic abrasives)","Price, average unit value of imports, dollars per metric ton"
Silicon carbide,sub_product,Exports,Metallic abrasives,,20100,23900,24100,19300,18000,https://pubs.usgs.gov/periodicals/mcs2026/mcs2026-abrasives.pdf,"(Fused aluminum oxide, silicon carbide, and metallic abrasives)","Price, average unit value of imports, dollars per metric ton"
Silicon carbide,sub_product,"Consumption, apparent",Fused aluminum oxide,3,146000,210000,110000,152000,140000,https://pubs.usgs.gov/periodicals/mcs2026/mcs2026-abrasives.pdf,"(Fused aluminum oxide, silicon carbide, and metallic abrasives)","Price, average unit value of imports, dollars per metric ton"
Silicon carbide,sub_product,"Consumption, apparent",Silicon carbide,4,148000,193000,148000,143000,120000,https://pubs.usgs.gov/periodicals/mcs2026/mcs2026-abrasives.pdf,"(Fused aluminum oxide, silicon carbide, and metallic abrasives)","Price, average unit value of imports, dollars per metric ton"
Silicon carbide,sub_product,"Consumption, apparent",Metallic abrasives,5,199000,195000,220000,220000,180000,https://pubs.usgs.gov/periodicals/mcs2026/mcs2026-abrasives.pdf,"(Fused aluminum oxide, silicon carbide, and metallic abrasives)","Price, average unit value of imports, dollars per metric ton"
Silicon carbide,sub_product,"Price, average unit value of imports, dollars per metric ton","Fused aluminum oxide, crude",,674,797,655,635,699,https://pubs.usgs.gov/periodicals/mcs2026/mcs2026-abrasives.pdf,"(Fused aluminum oxide, silicon carbide, and metallic abrasives)","Price, average unit value of imports, dollars per metric ton"
Silicon carbide,sub_product,"Price, average unit value of imports, dollars per metric ton","Fused aluminum oxide, ground and refined",,1290,1560,1380,1440,1500,https://pubs.usgs.gov/periodicals/mcs2026/mcs2026-abrasives.pdf,"(Fused aluminum oxide, silicon carbide, and metallic abrasives)","Price, average unit value of imports, dollars per metric ton"
Silicon carbide,sub_product,"Price, average unit value of imports, dollars per metric ton","Silicon carbide, crude",,587,1080,905,832,829,https://pubs.usgs.gov/periodicals/mcs2026/mcs2026-abrasives.pdf,"(Fused aluminum oxide, silicon carbide, and metallic abrasives)","Price, average unit value of imports, dollars per metric ton"
Silicon carbide,sub_product,"Price, average unit value of imports, dollars per metric ton",Metallic abrasives,,1510,2130,1850,1910,2000,https://pubs.usgs.gov/periodicals/mcs2026/mcs2026-abrasives.pdf,"(Fused aluminum oxide, silicon carbide, and metallic abrasives)","Price, average unit value of imports, dollars per metric ton"
Silicon carbide,sub_product,Net import reliance as a percentage of apparent consumption,Fused aluminum oxide,,>95,>95,>95,>95,>95,https://pubs.usgs.gov/periodicals/mcs2026/mcs2026-abrasives.pdf,"(Fused aluminum oxide, silicon carbide, and metallic abrasives)","Price, average unit value of imports, dollars per metric ton"
Silicon carbide,sub_product,Net import reliance as a percentage of apparent consumption,Silicon carbide,,76,79,70,72,74,https://pubs.usgs.gov/periodicals/mcs2026/mcs2026-abrasives.pdf,"(Fused aluminum oxide, silicon carbide, and metallic abrasives)","Price, average unit value of imports, dollars per metric ton"
Silicon carbide,sub_product,Net import reliance as a percentage of apparent consumption,Metallic abrasives,,3,E,E,E,E,https://pubs.usgs.gov/periodicals/mcs2026/mcs2026-abrasives.pdf,"(Fused aluminum oxide, silicon carbide, and metallic abrasives)","Price, average unit value of imports, dollars per metric ton"
Superhard materials,sub_product,Production,"Fused aluminum oxide, crude",,10000,20000,25000,25000,20000,https://pubs.usgs.gov/periodicals/mcs2026/mcs2026-abrasives.pdf,"(Fused aluminum oxide, silicon carbide, and metallic abrasives)","Price, average unit value of imports, dollars per metric ton"
Superhard materials,sub_product,Production,Silicon carbide,2,35000,40000,45000,40000,30000,https://pubs.usgs.gov/periodicals/mcs2026/mcs2026-abrasives.pdf,"(Fused aluminum oxide, silicon carbide, and metallic abrasives)","Price, average unit value of imports, dollars per metric ton"
Superhard materials,sub_product,Production,Metallic abrasives,,176000,180000,198000,193000,160000,https://pubs.usgs.gov/periodicals/mcs2026/mcs2026-abrasives.pdf,"(Fused aluminum oxide, silicon carbide, and metallic abrasives)","Price, average unit value of imports, dollars per metric ton"
Superhard materials,sub_product,Production,"Shipments, metallic abrasives",,193000,199000,227000,223000,180000,https://pubs.usgs.gov/periodicals/mcs2026/mcs2026-abrasives.pdf,"(Fused aluminum oxide, silicon carbide, and metallic abrasives)","Price, average unit value of imports, dollars per metric ton"
Superhard materials,sub_product,Imports for consumption,Fused aluminum oxide,,159000,225000,120000,161000,150000,https://pubs.usgs.gov/periodicals/mcs2026/mcs2026-abrasives.pdf,"(Fused aluminum oxide, silicon carbide, and metallic abrasives)","Price, average unit value of imports, dollars per metric ton"
Superhard materials,sub_product,Imports for consumption,Silicon carbide,,125000,165000,114000,113000,95000,https://pubs.usgs.gov/periodicals/mcs2026/mcs2026-abrasives.pdf,"(Fused aluminum oxide, silicon carbide, and metallic abrasives)","Price, average unit value of imports, dollars per metric ton"
Superhard materials,sub_product,Imports for consumption,Metallic abrasives,,26400,20100,17800,16900,16000,https://pubs.usgs.gov/periodicals/mcs2026/mcs2026-abrasives.pdf,"(Fused aluminum oxide, silicon carbide, and metallic abrasives)","Price, average unit value of imports, dollars per metric ton"
Superhard materials,sub_product,Exports,Fused aluminum oxide,,13500,14400,9570,9190,8000,https://pubs.usgs.gov/periodicals/mcs2026/mcs2026-abrasives.pdf,"(Fused aluminum oxide, silicon carbide, and metallic abrasives)","Price, average unit value of imports, dollars per metric ton"
Superhard materials,sub_product,Exports,Silicon carbide,,12000,12000,10100,9680,8600,https://pubs.usgs.gov/periodicals/mcs2026/mcs2026-abrasives.pdf,"(Fused aluminum oxide, silicon carbide, and metallic abrasives)","Price, average unit value of imports, dollars per metric ton"
Superhard materials,sub_product,Exports,Metallic abrasives,,20100,23900,24100,19300,18000,https://pubs.usgs.gov/periodicals/mcs2026/mcs2026-abrasives.pdf,"(Fused aluminum oxide, silicon carbide, and metallic abrasives)","Price, average unit value of imports, dollars per metric ton"
Superhard materials,sub_product,"Consumption, apparent",Fused aluminum oxide,3,146000,210000,110000,152000,140000,https://pubs.usgs.gov/periodicals/mcs2026/mcs2026-abrasives.pdf,"(Fused aluminum oxide, silicon carbide, and metallic abrasives)","Price, average unit value of imports, dollars per metric ton"
Superhard materials,sub_product,"Consumption, apparent",Silicon carbide,4,148000,193000,148000,143000,120000,https://pubs.usgs.gov/periodicals/mcs2026/mcs2026-abrasives.pdf,"(Fused aluminum oxide, silicon carbide, and metallic abrasives)","Price, average unit value of imports, dollars per metric ton"
Superhard materials,sub_product,"Consumption, apparent",Metallic abrasives,5,199000,195000,220000,220000,180000,https://pubs.usgs.gov/periodicals/mcs2026/mcs2026-abrasives.pdf,"(Fused aluminum oxide, silicon carbide, and metallic abrasives)","Price, average unit value of imports, dollars per metric ton"
Superhard materials,sub_product,"Price, average unit value of imports, dollars per metric ton","Fused aluminum oxide, crude",,674,797,655,635,699,https://pubs.usgs.gov/periodicals/mcs2026/mcs2026-abrasives.pdf,"(Fused aluminum oxide, silicon carbide, and metallic abrasives)","Price, average unit value of imports, dollars per metric ton"
Superhard materials,sub_product,"Price, average unit value of imports, dollars per metric ton","Fused aluminum oxide, ground and refined",,1290,1560,1380,1440,1500,https://pubs.usgs.gov/periodicals/mcs2026/mcs2026-abrasives.pdf,"(Fused aluminum oxide, silicon carbide, and metallic abrasives)","Price, average unit value of imports, dollars per metric ton"
Superhard materials,sub_product,"Price, average unit value of imports, dollars per metric ton","Silicon carbide, crude",,587,1080,905,832,829,https://pubs.usgs.gov/periodicals/mcs2026/mcs2026-abrasives.pdf,"(Fused aluminum oxide, silicon carbide, and metallic abrasives)","Price, average unit value of imports, dollars per metric ton"
Superhard materials,sub_product,"Price, average unit value of imports, dollars per metric ton",Metallic abrasives,,1510,2130,1850,1910,2000,https://pubs.usgs.gov/periodicals/mcs2026/mcs2026-abrasives.pdf,"(Fused aluminum oxide, silicon carbide, and metallic abrasives)","Price, average unit value of imports, dollars per metric ton"
Superhard materials,sub_product,Net import reliance as a percentage of apparent consumption,Fused aluminum oxide,,>95,>95,>95,>95,>95,https://pubs.usgs.gov/periodicals/mcs2026/mcs2026-abrasives.pdf,"(Fused aluminum oxide, silicon carbide, and metallic abrasives)","Price, average unit value of imports, dollars per metric ton"
Superhard materials,sub_product,Net import reliance as a percentage of apparent consumption,Silicon carbide,,76,79,70,72,74,https://pubs.usgs.gov/periodicals/mcs2026/mcs2026-abrasives.pdf,"(Fused aluminum oxide, silicon carbide, and metallic abrasives)","Price, average unit value of imports, dollars per metric ton"
Superhard materials,sub_product,Net import reliance as a percentage of apparent consumption,Metallic abrasives,,3,E,E,E,E,https://pubs.usgs.gov/periodicals/mcs2026/mcs2026-abrasives.pdf,"(Fused aluminum oxide, silicon carbide, and metallic abrasives)","Price, average unit value of imports, dollars per metric ton"
Cerium,rare_earth,Price,"Cerium oxide, 99.5% minimum",,1.54,1.45,1.03,1.21,1.71,https://pubs.usgs.gov/periodicals/mcs2026/mcs2026-rare-earths.pdf,"[Data in metric tons, rare-earth-oxide (REO) equivalent, unless otherwise specified]","Cerium oxide, 99.5% minimum (Price, average, dollars per kilogram)"
Dysprosium,rare_earth,,,,,,,,,https://pubs.usgs.gov/periodicals/mcs2026/mcs2026-rare-earths.pdf,"[Data in metric tons, rare-earth-oxide (REO) equivalent, unless otherwise specified]",
Erbium,rare_earth,,,,,,,,,https://pubs.usgs.gov/periodicals/mcs2026/mcs2026-rare-earths.pdf,"[Data in metric tons, rare-earth-oxide (REO) equivalent, unless otherwise specified]",
Europium,rare_earth,Price,"Europium oxide, 99.99% minimum",,31,30,27,27,27,https://pubs.usgs.gov/periodicals/mcs2026/mcs2026-rare-earths.pdf,"[Data in metric tons, rare-earth-oxide (REO) equivalent, unless otherwise specified]","Europium oxide, 99.99% minimum (Price, average, dollars per kilogram)"
Gadolinium,rare_earth,Price,"Gadolinium oxide, 99.99% minimum",,47,75,47,28,30,https://pubs.usgs.gov/periodicals/mcs2026/mcs2026-rare-earths.pdf,"[Data in metric tons, rare-earth-oxide (REO) equivalent, unless otherwise specified]","Gadolinium oxide, 99.99% minimum (Price, average, dollars per kilogram)"
Holmium,rare_earth,,,,,,,,,https://pubs.usgs.gov/periodicals/mcs2026/mcs2026-rare-earths.pdf,"[Data in metric tons, rare-earth-oxide (REO) equivalent, unless otherwise specified]",
Lanthanum,rare_earth,Price,"Lanthanum oxide, 99.5% minimum",,1.51,1.39,0.96,0.97,1,https://pubs.usgs.gov/periodicals/mcs2026/mcs2026-rare-earths.pdf,"[Data in metric tons, rare-earth-oxide (REO) equivalent, unless otherwise specified]","Lanthanum oxide, 99.5% minimum (Price, average, dollars per kilogram)"
Lutetium,rare_earth,,,,,,,,,https://pubs.usgs.gov/periodicals/mcs2026/mcs2026-rare-earths.pdf,"[Data in metric tons, rare-earth-oxide (REO) equivalent, unless otherwise specified]",
Neodymium,rare_earth,Price,"Neodymium oxide, 99.5% minimum",,98,134,78,56,73,https://pubs.usgs.gov/periodicals/mcs2026/mcs2026-rare-earths.pdf,"[Data in metric tons, rare-earth-oxide (REO) equivalent, unless otherwise specified]","Neodymium oxide, 99.5% minimum (Price, average, dollars per kilogram)"
Praseodymium,rare_earth,Price,"Praseodymium oxide, 99.99% minimum",,93,128,76,56,74,https://pubs.usgs.gov/periodicals/mcs2026/mcs2026-rare-earths.pdf,"[Data in metric tons, rare-earth-oxide (REO) equivalent, unless otherwise specified]","Praseodymium oxide, 99.99% minimum (Price, average, dollars per kilogram)"
Samarium,rare_earth,Price,"Samarium oxide, 99.5% minimum",,2.03,3.34,2.17,2.01,2.82,https://pubs.usgs.gov/periodicals/mcs2026/mcs2026-rare-earths.pdf,"[Data in metric tons, rare-earth-oxide (REO) equivalent, unless otherwise specified]","Samarium oxide, 99.5% minimum (Price, average, dollars per kilogram)"
Terbium,rare_earth,,,,,,,,,https://pubs.usgs.gov/periodicals/mcs2026/mcs2026-rare-earths.pdf,"[Data in metric tons, rare-earth-oxide (REO) equivalent, unless otherwise specified]",
Thulium,rare_earth,,,,,,,,,https://pubs.usgs.gov/periodicals/mcs2026/mcs2026-rare-earths.pdf,"[Data in metric tons, rare-earth-oxide (REO) equivalent, unless otherwise specified]",
Ytterbium,rare_earth,,,,,,,,,https://pubs.usgs.gov/periodicals/mcs2026/mcs2026-rare-earths.pdf,"[Data in metric tons, rare-earth-oxide (REO) equivalent, unless otherwise specified]",
Yttrium,rare_earth,,,,,,,,,https://pubs.usgs.gov/periodicals/mcs2026/mcs2026-rare-earths.pdf,"[Data in metric tons, rare-earth-oxide (REO) equivalent, unless otherwise specified]",
Iridium,grouped,,Palladium,,13700,10100,10300,10200,6200,https://pubs.usgs.gov/periodicals/mcs2026/mcs2026-platinum-group.pdf,"(Palladium, platinum, iridium, osmium, rhodium, and ruthenium)","Price, dollars per troy ounce"
Iridium,grouped,,Platinum,,4020,3000,3040,3010,1800,https://pubs.usgs.gov/periodicals/mcs2026/mcs2026-platinum-group.pdf,"(Palladium, platinum, iridium, osmium, rhodium, and ruthenium)","Price, dollars per troy ounce"
Iridium,grouped,Imports for consumption,Palladium,,72600,65200,66900,68300,92000,https://pubs.usgs.gov/periodicals/mcs2026/mcs2026-platinum-group.pdf,"(Palladium, platinum, iridium, osmium, rhodium, and ruthenium)","Price, dollars per troy ounce"
Iridium,grouped,Imports for consumption,Platinum,,67900,64200,66800,70500,99000,https://pubs.usgs.gov/periodicals/mcs2026/mcs2026-platinum-group.pdf,"(Palladium, platinum, iridium, osmium, rhodium, and ruthenium)","Price, dollars per troy ounce"
Iridium,grouped,Imports for consumption,PGM waste and scrap,,160000,41500,32100,52800,150000,https://pubs.usgs.gov/periodicals/mcs2026/mcs2026-platinum-group.pdf,"(Palladium, platinum, iridium, osmium, rhodium, and ruthenium)","Price, dollars per troy ounce"
Iridium,grouped,Imports for consumption,Iridium,,2310,1610,2040,1360,2200,https://pubs.usgs.gov/periodicals/mcs2026/mcs2026-platinum-group.pdf,"(Palladium, platinum, iridium, osmium, rhodium, and ruthenium)","Price, dollars per troy ounce"
Iridium,grouped,Imports for consumption,Osmium,,1,1,0,1,57,https://pubs.usgs.gov/periodicals/mcs2026/mcs2026-platinum-group.pdf,"(Palladium, platinum, iridium, osmium, rhodium, and ruthenium)","Price, dollars per troy ounce"
Iridium,grouped,Imports for consumption,Rhodium,,16500,13200,12100,14500,14000,https://pubs.usgs.gov/periodicals/mcs2026/mcs2026-platinum-group.pdf,"(Palladium, platinum, iridium, osmium, rhodium, and ruthenium)","Price, dollars per troy ounce"
Iridium,grouped,Imports for consumption,Ruthenium,,18000,13300,10800,9780,14000,https://pubs.usgs.gov/periodicals/mcs2026/mcs2026-platinum-group.pdf,"(Palladium, platinum, iridium, osmium, rhodium, and ruthenium)","Price, dollars per troy ounce"
Iridium,grouped,Exports,Palladium,,43900,42200,33600,39900,18000,https://pubs.usgs.gov/periodicals/mcs2026/mcs2026-platinum-group.pdf,"(Palladium, platinum, iridium, osmium, rhodium, and ruthenium)","Price, dollars per troy ounce"
Iridium,grouped,Exports,Platinum,,29400,23100,11300,11700,17000,https://pubs.usgs.gov/periodicals/mcs2026/mcs2026-platinum-group.pdf,"(Palladium, platinum, iridium, osmium, rhodium, and ruthenium)","Price, dollars per troy ounce"
Iridium,grouped,Exports,PGM waste and scrap,,37800,35200,13900,13600,24000,https://pubs.usgs.gov/periodicals/mcs2026/mcs2026-platinum-group.pdf,"(Palladium, platinum, iridium, osmium, rhodium, and ruthenium)","Price, dollars per troy ounce"
Iridium,grouped,Exports,Rhodium,,1350,717,453,766,340,https://pubs.usgs.gov/periodicals/mcs2026/mcs2026-platinum-group.pdf,"(Palladium, platinum, iridium, osmium, rhodium, and ruthenium)","Price, dollars per troy ounce"
Iridium,grouped,Exports,Other PGMs,,2180,1010,845,2050,2700,https://pubs.usgs.gov/periodicals/mcs2026/mcs2026-platinum-group.pdf,"(Palladium, platinum, iridium, osmium, rhodium, and ruthenium)","Price, dollars per troy ounce"
Iridium,grouped,"Consumption, apparent",Palladium,,81400,74100,88500,83600,130000,https://pubs.usgs.gov/periodicals/mcs2026/mcs2026-platinum-group.pdf,"(Palladium, platinum, iridium, osmium, rhodium, and ruthenium)","Price, dollars per troy ounce"
Iridium,grouped,"Consumption, apparent",Platinum,,51100,52900,67100,68900,92000,https://pubs.usgs.gov/periodicals/mcs2026/mcs2026-platinum-group.pdf,"(Palladium, platinum, iridium, osmium, rhodium, and ruthenium)","Price, dollars per troy ounce"
Iridium,grouped,"Price, dollars per troy ounce",Palladium,,2419.18,2133.81,1351.66,994.9,1100,https://pubs.usgs.gov/periodicals/mcs2026/mcs2026-platinum-group.pdf,"(Palladium, platinum, iridium, osmium, rhodium, and ruthenium)","Price, dollars per troy ounce"
Iridium,grouped,"Price, dollars per troy ounce",Platinum,,1094.31,966.54,973,960.7,1200,https://pubs.usgs.gov/periodicals/mcs2026/mcs2026-platinum-group.pdf,"(Palladium, platinum, iridium, osmium, rhodium, and ruthenium)","Price, dollars per troy ounce"
Iridium,grouped,"Price, dollars per troy ounce",Iridium,,5158.4,4581.93,4672.78,4810.4,4400,https://pubs.usgs.gov/periodicals/mcs2026/mcs2026-platinum-group.pdf,"(Palladium, platinum, iridium, osmium, rhodium, and ruthenium)","Price, dollars per troy ounce"
Iridium,grouped,"Price, dollars per troy ounce",Rhodium,,20254.1,15585,6660.58,4660.44,5800,https://pubs.usgs.gov/periodicals/mcs2026/mcs2026-platinum-group.pdf,"(Palladium, platinum, iridium, osmium, rhodium, and ruthenium)","Price, dollars per troy ounce"
Iridium,grouped,"Price, dollars per troy ounce",Ruthenium,,576.12,577.02,466.49,451.02,690,https://pubs.usgs.gov/periodicals/mcs2026/mcs2026-platinum-group.pdf,"(Palladium, platinum, iridium, osmium, rhodium, and ruthenium)","Price, dollars per troy ounce"
Iridium,grouped,"Employment, mine, number","Employment, mine, number",,1600,1560,1450,901,810,https://pubs.usgs.gov/periodicals/mcs2026/mcs2026-platinum-group.pdf,"(Palladium, platinum, iridium, osmium, rhodium, and ruthenium)","Price, dollars per troy ounce"
Iridium,grouped,Net import reliance as a percentage of,Palladium,,35,31,38,34,57,https://pubs.usgs.gov/periodicals/mcs2026/mcs2026-platinum-group.pdf,"(Palladium, platinum, iridium, osmium, rhodium, and ruthenium)","Price, dollars per troy ounce"
Iridium,grouped,Net import reliance as a percentage of,Platinum,,75,78,83,85,89,https://pubs.usgs.gov/periodicals/mcs2026/mcs2026-platinum-group.pdf,"(Palladium, platinum, iridium, osmium, rhodium, and ruthenium)","Price, dollars per troy ounce"
Platinum,grouped,,Palladium,,13700,10100,10300,10200,6200,https://pubs.usgs.gov/periodicals/mcs2026/mcs2026-platinum-group.pdf,"(Palladium, platinum, iridium, osmium, rhodium, and ruthenium)","Price, dollars per troy ounce"
Platinum,grouped,,Platinum,,4020,3000,3040,3010,1800,https://pubs.usgs.gov/periodicals/mcs2026/mcs2026-platinum-group.pdf,"(Palladium, platinum, iridium, osmium, rhodium, and ruthenium)","Price, dollars per troy ounce"
Platinum,grouped,Imports for consumption,Palladium,,72600,65200,66900,68300,92000,https://pubs.usgs.gov/periodicals/mcs2026/mcs2026-platinum-group.pdf,"(Palladium, platinum, iridium, osmium, rhodium, and ruthenium)","Price, dollars per troy ounce"
Platinum,grouped,Imports for consumption,Platinum,,67900,64200,66800,70500,99000,https://pubs.usgs.gov/periodicals/mcs2026/mcs2026-platinum-group.pdf,"(Palladium, platinum, iridium, osmium, rhodium, and ruthenium)","Price, dollars per troy ounce"
Platinum,grouped,Imports for consumption,PGM waste and scrap,,160000,41500,32100,52800,150000,https://pubs.usgs.gov/periodicals/mcs2026/mcs2026-platinum-group.pdf,"(Palladium, platinum, iridium, osmium, rhodium, and ruthenium)","Price, dollars per troy ounce"
Platinum,grouped,Imports for consumption,Iridium,,2310,1610,2040,1360,2200,https://pubs.usgs.gov/periodicals/mcs2026/mcs2026-platinum-group.pdf,"(Palladium, platinum, iridium, osmium, rhodium, and ruthenium)","Price, dollars per troy ounce"
Platinum,grouped,Imports for consumption,Osmium,,1,1,0,1,57,https://pubs.usgs.gov/periodicals/mcs2026/mcs2026-platinum-group.pdf,"(Palladium, platinum, iridium, osmium, rhodium, and ruthenium)","Price, dollars per troy ounce"
Platinum,grouped,Imports for consumption,Rhodium,,16500,13200,12100,14500,14000,https://pubs.usgs.gov/periodicals/mcs2026/mcs2026-platinum-group.pdf,"(Palladium, platinum, iridium, osmium, rhodium, and ruthenium)","Price, dollars per troy ounce"
Platinum,grouped,Imports for consumption,Ruthenium,,18000,13300,10800,9780,14000,https://pubs.usgs.gov/periodicals/mcs2026/mcs2026-platinum-group.pdf,"(Palladium, platinum, iridium, osmium, rhodium, and ruthenium)","Price, dollars per troy ounce"
Platinum,grouped,Exports,Palladium,,43900,42200,33600,39900,18000,https://pubs.usgs.gov/periodicals/mcs2026/mcs2026-platinum-group.pdf,"(Palladium, platinum, iridium, osmium, rhodium, and ruthenium)","Price, dollars per troy ounce"
Platinum,grouped,Exports,Platinum,,29400,23100,11300,11700,17000,https://pubs.usgs.gov/periodicals/mcs2026/mcs2026-platinum-group.pdf,"(Palladium, platinum, iridium, osmium, rhodium, and ruthenium)","Price, dollars per troy ounce"
Platinum,grouped,Exports,PGM waste and scrap,,37800,35200,13900,13600,24000,https://pubs.usgs.gov/periodicals/mcs2026/mcs2026-platinum-group.pdf,"(Palladium, platinum, iridium, osmium, rhodium, and ruthenium)","Price, dollars per troy ounce"
Platinum,grouped,Exports,Rhodium,,1350,717,453,766,340,https://pubs.usgs.gov/periodicals/mcs2026/mcs2026-platinum-group.pdf,"(Palladium, platinum, iridium, osmium, rhodium, and ruthenium)","Price, dollars per troy ounce"
Platinum,grouped,Exports,Other PGMs,,2180,1010,845,2050,2700,https://pubs.usgs.gov/periodicals/mcs2026/mcs2026-platinum-group.pdf,"(Palladium, platinum, iridium, osmium, rhodium, and ruthenium)","Price, dollars per troy ounce"
Platinum,grouped,"Consumption, apparent",Palladium,,81400,74100,88500,83600,130000,https://pubs.usgs.gov/periodicals/mcs2026/mcs2026-platinum-group.pdf,"(Palladium, platinum, iridium, osmium, rhodium, and ruthenium)","Price, dollars per troy ounce"
Platinum,grouped,"Consumption, apparent",Platinum,,51100,52900,67100,68900,92000,https://pubs.usgs.gov/periodicals/mcs2026/mcs2026-platinum-group.pdf,"(Palladium, platinum, iridium, osmium, rhodium, and ruthenium)","Price, dollars per troy ounce"
Platinum,grouped,"Price, dollars per troy ounce",Palladium,,2419.18,2133.81,1351.66,994.9,1100,https://pubs.usgs.gov/periodicals/mcs2026/mcs2026-platinum-group.pdf,"(Palladium, platinum, iridium, osmium, rhodium, and ruthenium)","Price, dollars per troy ounce"
Platinum,grouped,"Price, dollars per troy ounce",Platinum,,1094.31,966.54,973,960.7,1200,https://pubs.usgs.gov/periodicals/mcs2026/mcs2026-platinum-group.pdf,"(Palladium, platinum, iridium, osmium, rhodium, and ruthenium)","Price, dollars per troy ounce"
Platinum,grouped,"Price, dollars per troy ounce",Iridium,,5158.4,4581.93,4672.78,4810.4,4400,https://pubs.usgs.gov/periodicals/mcs2026/mcs2026-platinum-group.pdf,"(Palladium, platinum, iridium, osmium, rhodium, and ruthenium)","Price, dollars per troy ounce"
Platinum,grouped,"Price, dollars per troy ounce",Rhodium,,20254.1,15585,6660.58,4660.44,5800,https://pubs.usgs.gov/periodicals/mcs2026/mcs2026-platinum-group.pdf,"(Palladium, platinum, iridium, osmium, rhodium, and ruthenium)","Price, dollars per troy ounce"
Platinum,grouped,"Price, dollars per troy ounce",Ruthenium,,576.12,577.02,466.49,451.02,690,https://pubs.usgs.gov/periodicals/mcs2026/mcs2026-platinum-group.pdf,"(Palladium, platinum, iridium, osmium, rhodium, and ruthenium)","Price, dollars per troy ounce"
Platinum,grouped,"Employment, mine, number","Employment, mine, number",,1600,1560,1450,901,810,https://pubs.usgs.gov/periodicals/mcs2026/mcs2026-platinum-group.pdf,"(Palladium, platinum, iridium, osmium, rhodium, and ruthenium)","Price, dollars per troy ounce"
Platinum,grouped,Net import reliance as a percentage of,Palladium,,35,31,38,34,57,https://pubs.usgs.gov/periodicals/mcs2026/mcs2026-platinum-group.pdf,"(Palladium, platinum, iridium, osmium, rhodium, and ruthenium)","Price, dollars per troy ounce"
Platinum,grouped,Net import reliance as a percentage of,Platinum,,75,78,83,85,89,https://pubs.usgs.gov/periodicals/mcs2026/mcs2026-platinum-group.pdf,"(Palladium, platinum, iridium, osmium, rhodium, and ruthenium)","Price, dollars per troy ounce"
Hafnium,grouped,"Production, zirconium ores and concentrates [zirconium oxide (ZrO) content]","Production, zirconium ores and concentrates [zirconium oxide (ZrO) content]",,"<100,000","<100,000","<100,000","<100,000","<100,000",https://pubs.usgs.gov/periodicals/mcs2026/mcs2026-zirconium-hafnium.pdf,(Data in metric tons unless otherwise specified),Price
Hafnium,grouped,Imports,Zirconium ores and concentrates (ZrO content),1,18500,31900,20400,18900,16000,https://pubs.usgs.gov/periodicals/mcs2026/mcs2026-zirconium-hafnium.pdf,(Data in metric tons unless otherwise specified),Price
Hafnium,grouped,Imports,"Zirconium, compounds",,0,0,0,0,1300,https://pubs.usgs.gov/periodicals/mcs2026/mcs2026-zirconium-hafnium.pdf,(Data in metric tons unless otherwise specified),Price
Hafnium,grouped,Imports,"Zirconium, unwrought, powder, and waste and scrap",,746,346,451,493,530,https://pubs.usgs.gov/periodicals/mcs2026/mcs2026-zirconium-hafnium.pdf,(Data in metric tons unless otherwise specified),Price
Hafnium,grouped,Imports,"Zirconium, wrought",,264,288,312,372,380,https://pubs.usgs.gov/periodicals/mcs2026/mcs2026-zirconium-hafnium.pdf,(Data in metric tons unless otherwise specified),Price
Hafnium,grouped,Imports,"Hafnium, unwrought",,23,43,72,64,72,https://pubs.usgs.gov/periodicals/mcs2026/mcs2026-zirconium-hafnium.pdf,(Data in metric tons unless otherwise specified),Price
Hafnium,grouped,Imports,"Hafnium, wrought",,NA,2,6,13,12,https://pubs.usgs.gov/periodicals/mcs2026/mcs2026-zirconium-hafnium.pdf,(Data in metric tons unless otherwise specified),Price
Hafnium,grouped,Exports,Zirconium ores and concentrates (ZrO content),,10000,11200,13200,15400,10000,https://pubs.usgs.gov/periodicals/mcs2026/mcs2026-zirconium-hafnium.pdf,(Data in metric tons unless otherwise specified),Price
Hafnium,grouped,Exports,"Zirconium, unwrought, powder, and waste and scrap",,589,1090,1080,1180,1300,https://pubs.usgs.gov/periodicals/mcs2026/mcs2026-zirconium-hafnium.pdf,(Data in metric tons unless otherwise specified),Price
Hafnium,grouped,Exports,"Zirconium, wrought",,966,821,706,808,1000,https://pubs.usgs.gov/periodicals/mcs2026/mcs2026-zirconium-hafnium.pdf,(Data in metric tons unless otherwise specified),Price
Hafnium,grouped,Exports,"Hafnium, unwrought",,0,15,58,12,15,https://pubs.usgs.gov/periodicals/mcs2026/mcs2026-zirconium-hafnium.pdf,(Data in metric tons unless otherwise specified),Price
Hafnium,grouped,Exports,"Hafnium, wrought",,NA,3,3,5,7,https://pubs.usgs.gov/periodicals/mcs2026/mcs2026-zirconium-hafnium.pdf,(Data in metric tons unless otherwise specified),Price
Hafnium,grouped,"Consumption, apparent, zirconium ores and concentrates (ZrO content)","Consumption, apparent, zirconium ores and concentrates (ZrO content)",1,"<100,000","<100,000","<100,000","<100,000","<100,000",https://pubs.usgs.gov/periodicals/mcs2026/mcs2026-zirconium-hafnium.pdf,(Data in metric tons unless otherwise specified),Price
Hafnium,grouped,Price,"Premium grade, cost, insurance, and freight, China",4,1530,2300,2160,2000,1800,https://pubs.usgs.gov/periodicals/mcs2026/mcs2026-zirconium-hafnium.pdf,(Data in metric tons unless otherwise specified),Price
Hafnium,grouped,Price,Imported,5,1450,2130,1980,2080,1900,https://pubs.usgs.gov/periodicals/mcs2026/mcs2026-zirconium-hafnium.pdf,(Data in metric tons unless otherwise specified),Price
Hafnium,grouped,Price,"Zirconium, sponge, ex-works China, dollars per kilogram",,25,30,28,24,22,https://pubs.usgs.gov/periodicals/mcs2026/mcs2026-zirconium-hafnium.pdf,(Data in metric tons unless otherwise specified),Price
Hafnium,grouped,Price,"Hafnium, unwrought, dollars per kilogram",,781,1590,6130,4560,3800,https://pubs.usgs.gov/periodicals/mcs2026/mcs2026-zirconium-hafnium.pdf,(Data in metric tons unless otherwise specified),Price
Hafnium,grouped,consumption,Zirconium ores and concentrates,,<25,<50,<25,<25,<25,https://pubs.usgs.gov/periodicals/mcs2026/mcs2026-zirconium-hafnium.pdf,(Data in metric tons unless otherwise specified),Price
Hafnium,grouped,consumption,Hafnium,,NA,NA,NA,NA,NA,https://pubs.usgs.gov/periodicals/mcs2026/mcs2026-zirconium-hafnium.pdf,(Data in metric tons unless otherwise specified),Price
Zirconium,grouped,"Production, zirconium ores and concentrates [zirconium oxide (ZrO) content]","Production, zirconium ores and concentrates [zirconium oxide (ZrO) content]",,"<100,000","<100,000","<100,000","<100,000","<100,000",https://pubs.usgs.gov/periodicals/mcs2026/mcs2026-zirconium-hafnium.pdf,(Data in metric tons unless otherwise specified),Price
Zirconium,grouped,Imports,Zirconium ores and concentrates (ZrO content),1,18500,31900,20400,18900,16000,https://pubs.usgs.gov/periodicals/mcs2026/mcs2026-zirconium-hafnium.pdf,(Data in metric tons unless otherwise specified),Price
Zirconium,grouped,Imports,"Zirconium, compounds",,0,0,0,0,1300,https://pubs.usgs.gov/periodicals/mcs2026/mcs2026-zirconium-hafnium.pdf,(Data in metric tons unless otherwise specified),Price
Zirconium,grouped,Imports,"Zirconium, unwrought, powder, and waste and scrap",,746,346,451,493,530,https://pubs.usgs.gov/periodicals/mcs2026/mcs2026-zirconium-hafnium.pdf,(Data in metric tons unless otherwise specified),Price
Zirconium,grouped,Imports,"Zirconium, wrought",,264,288,312,372,380,https://pubs.usgs.gov/periodicals/mcs2026/mcs2026-zirconium-hafnium.pdf,(Data in metric tons unless otherwise specified),Price
Zirconium,grouped,Imports,"Hafnium, unwrought",,23,43,72,64,72,https://pubs.usgs.gov/periodicals/mcs2026/mcs2026-zirconium-hafnium.pdf,(Data in metric tons unless otherwise specified),Price
Zirconium,grouped,Imports,"Hafnium, wrought",,NA,2,6,13,12,https://pubs.usgs.gov/periodicals/mcs2026/mcs2026-zirconium-hafnium.pdf,(Data in metric tons unless otherwise specified),Price
Zirconium,grouped,Exports,Zirconium ores and concentrates (ZrO content),,10000,11200,13200,15400,10000,https://pubs.usgs.gov/periodicals/mcs2026/mcs2026-zirconium-hafnium.pdf,(Data in metric tons unless otherwise specified),Price
Zirconium,grouped,Exports,"Zirconium, unwrought, powder, and waste and scrap",,589,1090,1080,1180,1300,https://pubs.usgs.gov/periodicals/mcs2026/mcs2026-zirconium-hafnium.pdf,(Data in metric tons unless otherwise specified),Price
Zirconium,grouped,Exports,"Zirconium, wrought",,966,821,706,808,1000,https://pubs.usgs.gov/periodicals/mcs2026/mcs2026-zirconium-hafnium.pdf,(Data in metric tons unless otherwise specified),Price
Zirconium,grouped,Exports,"Hafnium, unwrought",,0,15,58,12,15,https://pubs.usgs.gov/periodicals/mcs2026/mcs2026-zirconium-hafnium.pdf,(Data in metric tons unless otherwise specified),Price
Zirconium,grouped,Exports,"Hafnium, wrought",,NA,3,3,5,7,https://pubs.usgs.gov/periodicals/mcs2026/mcs2026-zirconium-hafnium.pdf,(Data in metric tons unless otherwise specified),Price
Zirconium,grouped,"Consumption, apparent, zirconium ores and concentrates (ZrO content)","Consumption, apparent, zirconium ores and concentrates (ZrO content)",1,"<100,000","<100,000","<100,000","<100,000","<100,000",https://pubs.usgs.gov/periodicals/mcs2026/mcs2026-zirconium-hafnium.pdf,(Data in metric tons unless otherwise specified),Price
Zirconium,grouped,Price,"Premium grade, cost, insurance, and freight, China",4,1530,2300,2160,2000,1800,https://pubs.usgs.gov/periodicals/mcs2026/mcs2026-zirconium-hafnium.pdf,(Data in metric tons unless otherwise specified),Price
Zirconium,grouped,Price,Imported,5,1450,2130,1980,2080,1900,https://pubs.usgs.gov/periodicals/mcs2026/mcs2026-zirconium-hafnium.pdf,(Data in metric tons unless otherwise specified),Price
Zirconium,grouped,Price,"Zirconium, sponge, ex-works China, dollars per kilogram",,25,30,28,24,22,https://pubs.usgs.gov/periodicals/mcs2026/mcs2026-zirconium-hafnium.pdf,(Data in metric tons unless otherwise specified),Price
Zirconium,grouped,Price,"Hafnium, unwrought, dollars per kilogram",,781,1590,6130,4560,3800,https://pubs.usgs.gov/periodicals/mcs2026/mcs2026-zirconium-hafnium.pdf,(Data in metric tons unless otherwise specified),Price
Zirconium,grouped,consumption,Zirconium ores and concentrates,,<25,<50,<25,<25,<25,https://pubs.usgs.gov/periodicals/mcs2026/mcs2026-zirconium-hafnium.pdf,(Data in metric tons unless otherwise specified),Price
Zirconium,grouped,consumption,Hafnium,,NA,NA,NA,NA,NA,https://pubs.usgs.gov/periodicals/mcs2026/mcs2026-zirconium-hafnium.pdf,(Data in metric tons unless otherwise specified),Price
